crop_year,year_label,state,district,crops_grown,total_crop_area_ha,top5_crops_by_area,all_crops
2019,2019-20,Andaman and Nicobar Islands,NICOBARS,12,17394.7,"Coconut, Banana, Arecanut, Tapioca, Cashewnut","Coconut, Banana, Arecanut, Tapioca, Cashewnut, Black pepper, Dry chillies, Turmeric, Sweet potato, Sugarcane, Rice, Ginger"
2019,2019-20,Andaman and Nicobar Islands,NORTH AND MIDDLE ANDAMAN,17,11033.6,"Rice, Arecanut, Coconut, Banana, Moong(Green Gram)","Rice, Arecanut, Coconut, Banana, Moong(Green Gram), Urad, Ginger, Sugarcane, Turmeric, Dry chillies, Sweet potato, Tapioca, Maize, Cashewnut, Black pepper, Groundnut, Sesamum"
2019,2019-20,Andaman and Nicobar Islands,SOUTH ANDAMANS,15,4896.3,"Coconut, Arecanut, Banana, Rice, Black pepper","Coconut, Arecanut, Banana, Rice, Black pepper, Ginger, Dry chillies, Sugarcane, Cashewnut, Turmeric, Tapioca, Sweet potato, Maize, Moong(Green Gram), Urad"
2019,2019-20,Andhra Pradesh,ANANTAPUR,34,801038.0,"Groundnut, Gram, Horse-gram, Cotton(lint), Arhar/Tur","Groundnut, Gram, Horse-gram, Cotton(lint), Arhar/Tur, Rice, Jowar, Maize, Castor seed, Banana, Moong(Green Gram), Cowpea(Lobia), Dry chillies, Onion, Small millets, Ragi, Sunflower, Bajra, Arecanut, Safflower, Coriander, Coconut, Sugarcane, Urad, Cashewnut, Other oilseeds, Potato, Soyabean, Other Rabi pulses, Wheat, Sesamum, Black pepper, Tobacco, Sweet potato"
2019,2019-20,Andhra Pradesh,CHITTOOR,31,257480.0,"Groundnut, Rice, Horse-gram, Sugarcane, Ragi","Groundnut, Rice, Horse-gram, Sugarcane, Ragi, Arhar/Tur, Maize, Urad, Banana, Coconut, Bajra, Dry chillies, Other Kharif pulses, Potato, Cowpea(Lobia), Sesamum, Small millets, Moong(Green Gram), Onion, Sunflower, Tobacco, Cotton(lint), Other Rabi pulses, Castor seed, Sweet potato, Cashewnut, Coriander, Jowar, Other oilseeds, Tapioca, Linseed"
2019,2019-20,Andhra Pradesh,EAST GODAVARI,28,578906.0,"Rice, Coconut, Cashewnut, Other oilseeds, Banana","Rice, Coconut, Cashewnut, Other oilseeds, Banana, Urad, Cotton(lint), Maize, Moong(Green Gram), Sugarcane, Tapioca, Tobacco, Dry chillies, Sesamum, Gram, Jowar, Arhar/Tur, Sunflower, Groundnut, Ragi, Small millets, Onion, Arecanut, Coriander, Cowpea(Lobia), Horse-gram, Sweet potato, Bajra"
2019,2019-20,Andhra Pradesh,GUNTUR,28,708926.0,"Rice, Cotton(lint), Dry chillies, Maize, Jowar","Rice, Cotton(lint), Dry chillies, Maize, Jowar, Urad, Moong(Green Gram), Arhar/Tur, Gram, Tobacco, Banana, Groundnut, Sannhamp, Ragi, Sesamum, Onion, Castor seed, Small millets, Sugarcane, Coconut, Rapeseed & Mustard, Bajra, Sunflower, Other oilseeds, Coriander, Horse-gram, Sweet potato, Wheat"
2019,2019-20,Andhra Pradesh,KADAPA,32,260063.0,"Gram, Rice, Banana, Groundnut, Jowar","Gram, Rice, Banana, Groundnut, Jowar, Cotton(lint), Sesamum, Tobacco, Bajra, Arhar/Tur, Sunflower, Horse-gram, Urad, Moong(Green Gram), Onion, Maize, Small millets, Castor seed, Dry chillies, Cowpea(Lobia), Sugarcane, Coriander, Linseed, Safflower, Coconut, Ragi, Other oilseeds, Sweet potato, Other Kharif pulses, Potato, Ginger, Wheat"
2019,2019-20,Andhra Pradesh,KRISHNA,22,575621.0,"Rice, Urad, Cotton(lint), Maize, Dry chillies","Rice, Urad, Cotton(lint), Maize, Dry chillies, Other oilseeds, Sugarcane, Moong(Green Gram), Banana, Tobacco, Gram, Coconut, Groundnut, Arhar/Tur, Sesamum, Jowar, Horse-gram, Rapeseed & Mustard, Cashewnut, Cowpea(Lobia), Sunflower, Sweet potato"
2019,2019-20,Andhra Pradesh,KURNOOL,28,931584.0,"Cotton(lint), Gram, Rice, Groundnut, Arhar/Tur","Cotton(lint), Gram, Rice, Groundnut, Arhar/Tur, Jowar, Maize, Onion, Urad, Castor seed, Dry chillies, Small millets, Bajra, Tobacco, Banana, Moong(Green Gram), Rapeseed & Mustard, Soyabean, Sesamum, Sunflower, Coriander, Sugarcane, Safflower, Horse-gram, Wheat, Cowpea(Lobia), Coconut, Sweet potato"
2019,2019-20,Andhra Pradesh,PRAKASAM,30,462025.0,"Arhar/Tur, Gram, Rice, Tobacco, Cotton(lint)","Arhar/Tur, Gram, Rice, Tobacco, Cotton(lint), Dry chillies, Urad, Maize, Jowar, Bajra, Cowpea(Lobia), Sesamum, Small millets, Groundnut, Castor seed, Moong(Green Gram), Sannhamp, Horse-gram, Cashewnut, Ragi, Sunflower, Banana, Sugarcane, Onion, Sweet potato, Coriander, Coconut, Safflower, Guar seed, Rapeseed & Mustard"
2019,2019-20,Andhra Pradesh,SPSR NELLORE,27,290806.0,"Rice, Urad, Gram, Groundnut, Tobacco","Rice, Urad, Gram, Groundnut, Tobacco, Moong(Green Gram), Cotton(lint), Sesamum, Jowar, Banana, Dry chillies, Arhar/Tur, Other oilseeds, Horse-gram, Maize, Coconut, Sugarcane, Bajra, Cowpea(Lobia), Small millets, Sunflower, Ragi, Sannhamp, Cashewnut, Sweet potato, Coriander, Rapeseed & Mustard"
2019,2019-20,Andhra Pradesh,SRIKAKULAM,27,405645.0,"Rice, Urad, Maize, Moong(Green Gram), Cashewnut","Rice, Urad, Maize, Moong(Green Gram), Cashewnut, Coconut, Sesamum, Cotton(lint), Sugarcane, Groundnut, Ragi, Banana, Horse-gram, Dry chillies, Other oilseeds, Arhar/Tur, Mesta, Sannhamp, Sunflower, Tobacco, Bajra, Ginger, Onion, Small millets, Tapioca, Jowar, Castor seed"
2019,2019-20,Andhra Pradesh,VISAKHAPATANAM,33,273452.0,"Rice, Cashewnut, Sugarcane, Ragi, Black pepper","Rice, Cashewnut, Sugarcane, Ragi, Black pepper, Tobacco, Other Rabi pulses, Urad, Coconut, Maize, Small millets, Niger seed, Sesamum, Moong(Green Gram), Other oilseeds, Groundnut, Banana, Bajra, Cotton(lint), Arhar/Tur, Horse-gram, Cowpea(Lobia), Dry chillies, Sannhamp, Ginger, Jowar, Other Kharif pulses, Potato, Gram, Sunflower, Sweet potato, Onion, Tapioca"
2019,2019-20,Andhra Pradesh,VIZIANAGARAM,29,250735.0,"Rice, Maize, Urad, Moong(Green Gram), Cotton(lint)","Rice, Maize, Urad, Moong(Green Gram), Cotton(lint), Sugarcane, Sesamum, Other oilseeds, Banana, Cashewnut, Coconut, Horse-gram, Ragi, Groundnut, Mesta, Arhar/Tur, Dry chillies, Sannhamp, Gram, Tapioca, Tobacco, Onion, Bajra, Small millets, Sunflower, Sweet potato, Ginger, Castor seed, Cowpea(Lobia)"
2019,2019-20,Andhra Pradesh,WEST GODAVARI,26,601345.0,"Rice, Other oilseeds, Maize, Coconut, Tobacco","Rice, Other oilseeds, Maize, Coconut, Tobacco, Cashewnut, Banana, Sugarcane, Moong(Green Gram), Urad, Cotton(lint), Groundnut, Dry chillies, Black pepper, Sesamum, Tapioca, Arhar/Tur, Arecanut, Cowpea(Lobia), Sunflower, Horse-gram, Ginger, Small millets, Rapeseed & Mustard, Gram, Guar seed"
2019,2019-20,Arunachal Pradesh,ANJAW,16,8345.0,"Rice, Small millets, Maize, Rapeseed & Mustard, Peas & beans (Pulses)","Rice, Small millets, Maize, Rapeseed & Mustard, Peas & beans (Pulses), Potato, Ginger, Dry chillies, Masoor, Sesamum, Turmeric, Urad, Groundnut, Other Kharif pulses, Soyabean, Moong(Green Gram)"
2019,2019-20,Arunachal Pradesh,CHANGLANG,20,20738.0,"Rice, Rapeseed & Mustard, Small millets, Maize, Dry chillies","Rice, Rapeseed & Mustard, Small millets, Maize, Dry chillies, Sugarcane, Ginger, Urad, Wheat, Peas & beans (Pulses), Sesamum, Potato, Other Kharif pulses, Groundnut, Turmeric, Soyabean, Sunflower, Other Rabi pulses, Moong(Green Gram), Other oilseeds"
2019,2019-20,Arunachal Pradesh,DIBANG VALLEY,18,5822.0,"Maize, Rice, Small millets, Peas & beans (Pulses), Potato","Maize, Rice, Small millets, Peas & beans (Pulses), Potato, Ginger, Dry chillies, Soyabean, Other Kharif pulses, Urad, Rapeseed & Mustard, Sunflower, Arhar/Tur, Groundnut, Sesamum, Other Rabi pulses, Masoor, Moong(Green Gram)"
2019,2019-20,Arunachal Pradesh,EAST KAMENG,16,11214.0,"Rice, Maize, Small millets, Rapeseed & Mustard, Other Rabi pulses","Rice, Maize, Small millets, Rapeseed & Mustard, Other Rabi pulses, Peas & beans (Pulses), Sesamum, Urad, Soyabean, Potato, Other Kharif pulses, Wheat, Dry chillies, Ginger, Moong(Green Gram), Arhar/Tur"
2019,2019-20,Arunachal Pradesh,EAST SIANG,21,23114.0,"Rice, Rapeseed & Mustard, Maize, Small millets, Ginger","Rice, Rapeseed & Mustard, Maize, Small millets, Ginger, Potato, Soyabean, Peas & beans (Pulses), Dry chillies, Sugarcane, Urad, Other Kharif pulses, Turmeric, Sesamum, Wheat, Moong(Green Gram), Arhar/Tur, Other Rabi pulses, Groundnut, Sunflower, Masoor"
2019,2019-20,Arunachal Pradesh,KAMLE,16,5860.0,"Rice, Small millets, Maize, Rapeseed & Mustard, Potato","Rice, Small millets, Maize, Rapeseed & Mustard, Potato, Ginger, Dry chillies, Peas & beans (Pulses), Sugarcane, Moong(Green Gram), Urad, Other Kharif pulses, Arhar/Tur, Sesamum, Soyabean, Masoor"
2019,2019-20,Arunachal Pradesh,KRA DAADI,15,1736.0,"Rice, Maize, Small millets, Dry chillies, Potato","Rice, Maize, Small millets, Dry chillies, Potato, Sugarcane, Peas & beans (Pulses), Sesamum, Rapeseed & Mustard, Ginger, Other Kharif pulses, Other Rabi pulses, Soyabean, Urad, Groundnut"
2019,2019-20,Arunachal Pradesh,KURUNG KUMEY,15,1520.0,"Rice, Maize, Small millets, Dry chillies, Potato","Rice, Maize, Small millets, Dry chillies, Potato, Sugarcane, Peas & beans (Pulses), Sesamum, Rapeseed & Mustard, Ginger, Urad, Other Rabi pulses, Other Kharif pulses, Soyabean, Groundnut"
2019,2019-20,Arunachal Pradesh,LEPARADA,20,5208.0,"Rice, Maize, Small millets, Rapeseed & Mustard, Potato","Rice, Maize, Small millets, Rapeseed & Mustard, Potato, Ginger, Peas & beans (Pulses), Dry chillies, Sugarcane, Other Kharif pulses, Urad, Sesamum, Turmeric, Other Rabi pulses, Soyabean, Sunflower, Arhar/Tur, Moong(Green Gram), Masoor, Other oilseeds"
2019,2019-20,Arunachal Pradesh,LOHIT,21,15450.0,"Rice, Maize, Rapeseed & Mustard, Potato, Urad","Rice, Maize, Rapeseed & Mustard, Potato, Urad, Peas & beans (Pulses), Other Kharif pulses, Wheat, Moong(Green Gram), Ginger, Soyabean, Sesamum, Dry chillies, Small millets, Turmeric, Other oilseeds, Other Rabi pulses, Sunflower, Sugarcane, Arhar/Tur, Groundnut"
2019,2019-20,Arunachal Pradesh,LONGDING,14,8285.0,"Rice, Small millets, Maize, Rapeseed & Mustard, Peas & beans (Pulses)","Rice, Small millets, Maize, Rapeseed & Mustard, Peas & beans (Pulses), Potato, Dry chillies, Soyabean, Ginger, Other Kharif pulses, Urad, Arhar/Tur, Other Rabi pulses, Moong(Green Gram)"
2019,2019-20,Arunachal Pradesh,LOWER DIBANG VALLEY,22,35829.0,"Rice, Maize, Rapeseed & Mustard, Ginger, Small millets","Rice, Maize, Rapeseed & Mustard, Ginger, Small millets, Soyabean, Potato, Wheat, Peas & beans (Pulses), Sesamum, Other Kharif pulses, Other oilseeds, Dry chillies, Urad, Groundnut, Sugarcane, Turmeric, Other Rabi pulses, Arhar/Tur, Moong(Green Gram), Sunflower, Masoor"
2019,2019-20,Arunachal Pradesh,LOWER SIANG,20,11706.0,"Rice, Maize, Small millets, Rapeseed & Mustard, Potato","Rice, Maize, Small millets, Rapeseed & Mustard, Potato, Ginger, Peas & beans (Pulses), Dry chillies, Sugarcane, Other Kharif pulses, Urad, Turmeric, Soyabean, Sesamum, Moong(Green Gram), Other Rabi pulses, Wheat, Arhar/Tur, Masoor, Sunflower"
2019,2019-20,Arunachal Pradesh,LOWER SUBANSIRI,18,9914.0,"Rice, Small millets, Rapeseed & Mustard, Maize, Potato","Rice, Small millets, Rapeseed & Mustard, Maize, Potato, Ginger, Peas & beans (Pulses), Dry chillies, Sugarcane, Other Kharif pulses, Urad, Masoor, Sesamum, Arhar/Tur, Sunflower, Moong(Green Gram), Soyabean, Groundnut"
2019,2019-20,Arunachal Pradesh,NAMSAI,21,25403.0,"Rice, Maize, Rapeseed & Mustard, Ginger, Peas & beans (Pulses)","Rice, Maize, Rapeseed & Mustard, Ginger, Peas & beans (Pulses), Potato, Soyabean, Urad, Wheat, Sesamum, Other Kharif pulses, Moong(Green Gram), Groundnut, Dry chillies, Other Rabi pulses, Other oilseeds, Small millets, Turmeric, Sunflower, Arhar/Tur, Sugarcane"
2019,2019-20,Arunachal Pradesh,PAKKE KESSANG,16,4805.0,"Rice, Maize, Small millets, Rapeseed & Mustard, Other Rabi pulses","Rice, Maize, Small millets, Rapeseed & Mustard, Other Rabi pulses, Peas & beans (Pulses), Sesamum, Urad, Soyabean, Potato, Other Kharif pulses, Wheat, Dry chillies, Ginger, Moong(Green Gram), Arhar/Tur"
2019,2019-20,Arunachal Pradesh,PAPUM PARE,21,19639.0,"Rice, Maize, Rapeseed & Mustard, Small millets, Potato","Rice, Maize, Rapeseed & Mustard, Small millets, Potato, Soyabean, Wheat, Sugarcane, Ginger, Groundnut, Peas & beans (Pulses), Other oilseeds, Sesamum, Dry chillies, Urad, Other Kharif pulses, Arhar/Tur, Moong(Green Gram), Masoor, Turmeric, Sunflower"
2019,2019-20,Arunachal Pradesh,SHI YOMI,16,3517.0,"Rice, Maize, Rapeseed & Mustard, Small millets, Potato","Rice, Maize, Rapeseed & Mustard, Small millets, Potato, Other Kharif pulses, Urad, Ginger, Peas & beans (Pulses), Dry chillies, Sesamum, Sugarcane, Sunflower, Other Rabi pulses, Soyabean, Turmeric"
2019,2019-20,Arunachal Pradesh,SIANG,21,15399.0,"Rice, Maize, Rapeseed & Mustard, Small millets, Ginger","Rice, Maize, Rapeseed & Mustard, Small millets, Ginger, Potato, Peas & beans (Pulses), Dry chillies, Sugarcane, Other Kharif pulses, Turmeric, Urad, Arhar/Tur, Sunflower, Other oilseeds, Soyabean, Other Rabi pulses, Sesamum, Moong(Green Gram), Masoor, Groundnut"
2019,2019-20,Arunachal Pradesh,TAWANG,12,5647.0,"Small millets, Wheat, Maize, Rice, Potato","Small millets, Wheat, Maize, Rice, Potato, Soyabean, Moong(Green Gram), Ginger, Dry chillies, Other Rabi pulses, Other Kharif pulses, Turmeric"
2019,2019-20,Arunachal Pradesh,TIRAP,15,9442.0,"Maize, Rice, Small millets, Potato, Rapeseed & Mustard","Maize, Rice, Small millets, Potato, Rapeseed & Mustard, Soyabean, Wheat, Peas & beans (Pulses), Dry chillies, Ginger, Arhar/Tur, Masoor, Urad, Other Kharif pulses, Moong(Green Gram)"
2019,2019-20,Arunachal Pradesh,UPPER SIANG,16,11636.0,"Rice, Maize, Small millets, Ginger, Dry chillies","Rice, Maize, Small millets, Ginger, Dry chillies, Sugarcane, Potato, Other Kharif pulses, Peas & beans (Pulses), Arhar/Tur, Sesamum, Rapeseed & Mustard, Urad, Other oilseeds, Moong(Green Gram), Other Rabi pulses"
2019,2019-20,Arunachal Pradesh,UPPER SUBANSIRI,17,8602.0,"Rice, Small millets, Maize, Potato, Dry chillies","Rice, Small millets, Maize, Potato, Dry chillies, Peas & beans (Pulses), Ginger, Sesamum, Soyabean, Rapeseed & Mustard, Urad, Other Kharif pulses, Sugarcane, Moong(Green Gram), Groundnut, Arhar/Tur, Masoor"
2019,2019-20,Arunachal Pradesh,WEST KAMENG,12,8027.0,"Maize, Small millets, Rice, Wheat, Potato","Maize, Small millets, Rice, Wheat, Potato, Other Kharif pulses, Peas & beans (Pulses), Rapeseed & Mustard, Other Rabi pulses, Soyabean, Ginger, Dry chillies"
2019,2019-20,Arunachal Pradesh,WEST SIANG,21,8208.0,"Rice, Maize, Rapeseed & Mustard, Small millets, Potato","Rice, Maize, Rapeseed & Mustard, Small millets, Potato, Ginger, Peas & beans (Pulses), Dry chillies, Sugarcane, Other Kharif pulses, Urad, Other oilseeds, Arhar/Tur, Sesamum, Other Rabi pulses, Sunflower, Masoor, Turmeric, Groundnut, Moong(Green Gram), Soyabean"
2019,2019-20,Assam,BAKSA,32,135063.0,"Rice, Rapeseed & Mustard, Potato, Masoor, Arecanut","Rice, Rapeseed & Mustard, Potato, Masoor, Arecanut, Urad, Peas & beans (Pulses), Banana, Other Rabi pulses, Coconut, Turmeric, Dry chillies, Ginger, Jute, Maize, Tapioca, Linseed, Sugarcane, Niger seed, Sesamum, Gram, Small millets, Onion, Wheat, Arhar/Tur, Mesta, Moong(Green Gram), Black pepper, Sweet potato, Castor seed, Cotton(lint), Tobacco"
2019,2019-20,Assam,BARPETA,31,183805.0,"Rice, Rapeseed & Mustard, Potato, Jute, Urad","Rice, Rapeseed & Mustard, Potato, Jute, Urad, Masoor, Arecanut, Dry chillies, Wheat, Banana, Coconut, Linseed, Niger seed, Onion, Other Rabi pulses, Peas & beans (Pulses), Turmeric, Sesamum, Ginger, Sweet potato, Small millets, Sugarcane, Moong(Green Gram), Maize, Arhar/Tur, Mesta, Gram, Black pepper, Tapioca, Castor seed, Cotton(lint)"
2019,2019-20,Assam,BISWANATH,2,2858.0,"Arecanut, Coconut","Arecanut, Coconut"
2019,2019-20,Assam,BONGAIGAON,30,81521.0,"Rice, Rapeseed & Mustard, Potato, Urad, Jute","Rice, Rapeseed & Mustard, Potato, Urad, Jute, Maize, Arecanut, Masoor, Small millets, Banana, Coconut, Wheat, Dry chillies, Moong(Green Gram), Mesta, Other Rabi pulses, Onion, Peas & beans (Pulses), Turmeric, Sesamum, Gram, Ginger, Linseed, Sugarcane, Niger seed, Sweet potato, Arhar/Tur, Tapioca, Black pepper, Castor seed"
2019,2019-20,Assam,CACHAR,32,127525.0,"Rice, Arecanut, Banana, Potato, Other Rabi pulses","Rice, Arecanut, Banana, Potato, Other Rabi pulses, Rapeseed & Mustard, Dry chillies, Coconut, Urad, Peas & beans (Pulses), Turmeric, Ginger, Sweet potato, Sesamum, Arhar/Tur, Sugarcane, Maize, Cotton(lint), Onion, Gram, Masoor, Moong(Green Gram), Black pepper, Jute, Linseed, Tapioca, Niger seed, Small millets, Tobacco, Wheat, Mesta, Castor seed"
2019,2019-20,Assam,CHARAIDEO,2,1730.0,"Arecanut, Coconut","Arecanut, Coconut"
2019,2019-20,Assam,CHIRANG,31,75732.0,"Rice, Rapeseed & Mustard, Potato, Arecanut, Masoor","Rice, Rapeseed & Mustard, Potato, Arecanut, Masoor, Jute, Banana, Urad, Wheat, Sesamum, Dry chillies, Coconut, Other Rabi pulses, Turmeric, Maize, Ginger, Peas & beans (Pulses), Onion, Tapioca, Niger seed, Linseed, Sweet potato, Mesta, Sugarcane, Gram, Arhar/Tur, Moong(Green Gram), Small millets, Tobacco, Black pepper, Cotton(lint)"
2019,2019-20,Assam,DARRANG,31,116880.0,"Rice, Rapeseed & Mustard, Maize, Potato, Jute","Rice, Rapeseed & Mustard, Maize, Potato, Jute, Urad, Peas & beans (Pulses), Masoor, Arecanut, Banana, Dry chillies, Sesamum, Onion, Coconut, Turmeric, Moong(Green Gram), Ginger, Niger seed, Linseed, Sugarcane, Other Rabi pulses, Arhar/Tur, Mesta, Sweet potato, Wheat, Black pepper, Gram, Small millets, Castor seed, Cotton(lint), Tapioca"
2019,2019-20,Assam,DHEMAJI,32,96438.0,"Rice, Rapeseed & Mustard, Potato, Banana, Urad","Rice, Rapeseed & Mustard, Potato, Banana, Urad, Arecanut, Peas & beans (Pulses), Ginger, Turmeric, Maize, Dry chillies, Masoor, Moong(Green Gram), Sugarcane, Onion, Coconut, Sesamum, Other Rabi pulses, Jute, Linseed, Black pepper, Arhar/Tur, Sweet potato, Tapioca, Castor seed, Small millets, Niger seed, Gram, Cotton(lint), Mesta, Tobacco, Wheat"
2019,2019-20,Assam,DHUBRI,30,153356.0,"Rice, Rapeseed & Mustard, Jute, Urad, Potato","Rice, Rapeseed & Mustard, Jute, Urad, Potato, Dry chillies, Masoor, Banana, Wheat, Maize, Arecanut, Small millets, Sweet potato, Peas & beans (Pulses), Mesta, Sesamum, Onion, Turmeric, Niger seed, Other Rabi pulses, Coconut, Linseed, Sugarcane, Gram, Ginger, Arhar/Tur, Moong(Green Gram), Tapioca, Black pepper, Castor seed"
2019,2019-20,Assam,DIBRUGARH,28,85785.0,"Rice, Rapeseed & Mustard, Arecanut, Potato, Peas & beans (Pulses)","Rice, Rapeseed & Mustard, Arecanut, Potato, Peas & beans (Pulses), Banana, Urad, Small millets, Turmeric, Dry chillies, Ginger, Maize, Sugarcane, Other Rabi pulses, Black pepper, Moong(Green Gram), Sweet potato, Coconut, Onion, Arhar/Tur, Sesamum, Masoor, Jute, Tapioca, Mesta, Wheat, Niger seed, Gram"
2019,2019-20,Assam,DIMA HASAO,28,40829.0,"Rice, Ginger, Sugarcane, Rapeseed & Mustard, Maize","Rice, Ginger, Sugarcane, Rapeseed & Mustard, Maize, Potato, Banana, Arecanut, Sesamum, Urad, Peas & beans (Pulses), Dry chillies, Turmeric, Arhar/Tur, Tapioca, Coconut, Sweet potato, Moong(Green Gram), Other Rabi pulses, Jute, Onion, Black pepper, Castor seed, Cotton(lint), Masoor, Niger seed, Tobacco, Mesta"
2019,2019-20,Assam,GOALPARA,30,111120.0,"Rice, Rapeseed & Mustard, Jute, Banana, Arecanut","Rice, Rapeseed & Mustard, Jute, Banana, Arecanut, Urad, Potato, Peas & beans (Pulses), Maize, Masoor, Coconut, Wheat, Dry chillies, Onion, Turmeric, Arhar/Tur, Niger seed, Ginger, Sesamum, Moong(Green Gram), Other Rabi pulses, Sugarcane, Tapioca, Linseed, Mesta, Small millets, Black pepper, Sweet potato, Gram, Castor seed"
2019,2019-20,Assam,GOLAGHAT,29,151408.0,"Rice, Rapeseed & Mustard, Arecanut, Banana, Sugarcane","Rice, Rapeseed & Mustard, Arecanut, Banana, Sugarcane, Potato, Turmeric, Urad, Coconut, Ginger, Dry chillies, Peas & beans (Pulses), Black pepper, Masoor, Sesamum, Jute, Maize, Moong(Green Gram), Onion, Arhar/Tur, Other Rabi pulses, Wheat, Sweet potato, Small millets, Castor seed, Tapioca, Cotton(lint), Gram, Mesta"
2019,2019-20,Assam,HAILAKANDI,30,55191.0,"Rice, Other Rabi pulses, Arecanut, Banana, Wheat","Rice, Other Rabi pulses, Arecanut, Banana, Wheat, Potato, Urad, Coconut, Rapeseed & Mustard, Ginger, Turmeric, Sugarcane, Dry chillies, Arhar/Tur, Peas & beans (Pulses), Sweet potato, Sesamum, Black pepper, Moong(Green Gram), Maize, Jute, Onion, Cotton(lint), Linseed, Castor seed, Gram, Masoor, Small millets, Niger seed, Tapioca"
2019,2019-20,Assam,HOJAI,2,1179.0,"Arecanut, Coconut","Arecanut, Coconut"
2019,2019-20,Assam,JORHAT,32,129673.0,"Rice, Rapeseed & Mustard, Urad, Arecanut, Banana","Rice, Rapeseed & Mustard, Urad, Arecanut, Banana, Peas & beans (Pulses), Potato, Moong(Green Gram), Sugarcane, Turmeric, Other Rabi pulses, Masoor, Coconut, Ginger, Onion, Dry chillies, Black pepper, Maize, Sesamum, Sweet potato, Linseed, Arhar/Tur, Gram, Castor seed, Jute, Niger seed, Wheat, Cotton(lint), Mesta, Tapioca, Small millets, Tobacco"
2019,2019-20,Assam,KAMRUP,30,144449.0,"Rice, Rapeseed & Mustard, Jute, Potato, Arecanut","Rice, Rapeseed & Mustard, Jute, Potato, Arecanut, Banana, Dry chillies, Masoor, Coconut, Urad, Peas & beans (Pulses), Sugarcane, Turmeric, Onion, Other Rabi pulses, Ginger, Wheat, Moong(Green Gram), Niger seed, Sesamum, Maize, Sweet potato, Arhar/Tur, Small millets, Black pepper, Linseed, Gram, Mesta, Tapioca, Castor seed"
2019,2019-20,Assam,KAMRUP METRO,28,26844.0,"Rice, Rapeseed & Mustard, Arecanut, Banana, Potato","Rice, Rapeseed & Mustard, Arecanut, Banana, Potato, Coconut, Dry chillies, Peas & beans (Pulses), Urad, Turmeric, Masoor, Sugarcane, Sesamum, Maize, Onion, Ginger, Other Rabi pulses, Moong(Green Gram), Small millets, Jute, Sweet potato, Wheat, Black pepper, Niger seed, Arhar/Tur, Gram, Mesta, Linseed"
2019,2019-20,Assam,KARBI ANGLONG,30,202669.0,"Rice, Rapeseed & Mustard, Maize, Sugarcane, Sesamum","Rice, Rapeseed & Mustard, Maize, Sugarcane, Sesamum, Ginger, Moong(Green Gram), Banana, Urad, Potato, Jute, Peas & beans (Pulses), Arhar/Tur, Arecanut, Turmeric, Masoor, Cotton(lint), Coconut, Dry chillies, Other Rabi pulses, Gram, Sweet potato, Castor seed, Tapioca, Black pepper, Onion, Mesta, Linseed, Niger seed, Tobacco"
2019,2019-20,Assam,KARIMGANJ,29,75130.0,"Rice, Arecanut, Potato, Banana, Coconut","Rice, Arecanut, Potato, Banana, Coconut, Other Rabi pulses, Urad, Black pepper, Turmeric, Small millets, Dry chillies, Peas & beans (Pulses), Rapeseed & Mustard, Sugarcane, Ginger, Sweet potato, Arhar/Tur, Jute, Masoor, Linseed, Cotton(lint), Maize, Moong(Green Gram), Onion, Sesamum, Gram, Tobacco, Castor seed, Mesta"
2019,2019-20,Assam,KOKRAJHAR,32,142090.0,"Rice, Rapeseed & Mustard, Potato, Jute, Arecanut","Rice, Rapeseed & Mustard, Potato, Jute, Arecanut, Urad, Banana, Maize, Other Rabi pulses, Niger seed, Mesta, Tapioca, Peas & beans (Pulses), Turmeric, Wheat, Dry chillies, Sesamum, Sugarcane, Masoor, Onion, Coconut, Arhar/Tur, Ginger, Linseed, Black pepper, Small millets, Sweet potato, Moong(Green Gram), Castor seed, Gram, Tobacco, Cotton(lint)"
2019,2019-20,Assam,LAKHIMPUR,32,174492.0,"Rice, Rapeseed & Mustard, Urad, Potato, Arecanut","Rice, Rapeseed & Mustard, Urad, Potato, Arecanut, Peas & beans (Pulses), Banana, Turmeric, Moong(Green Gram), Masoor, Ginger, Black pepper, Dry chillies, Sugarcane, Sesamum, Coconut, Other Rabi pulses, Onion, Maize, Sweet potato, Jute, Tapioca, Small millets, Arhar/Tur, Castor seed, Cotton(lint), Mesta, Gram, Linseed, Wheat, Niger seed, Tobacco"
2019,2019-20,Assam,MAJULI,2,515.0,"Arecanut, Coconut","Arecanut, Coconut"
2019,2019-20,Assam,MARIGAON,31,123658.0,"Rice, Rapeseed & Mustard, Jute, Maize, Potato","Rice, Rapeseed & Mustard, Jute, Maize, Potato, Banana, Wheat, Arecanut, Masoor, Coconut, Peas & beans (Pulses), Sugarcane, Urad, Turmeric, Small millets, Moong(Green Gram), Dry chillies, Other Rabi pulses, Onion, Niger seed, Sesamum, Ginger, Linseed, Sweet potato, Gram, Arhar/Tur, Black pepper, Mesta, Tapioca, Castor seed, Cotton(lint)"
2019,2019-20,Assam,NAGAON,31,254101.0,"Rice, Rapeseed & Mustard, Jute, Potato, Sugarcane","Rice, Rapeseed & Mustard, Jute, Potato, Sugarcane, Arecanut, Banana, Coconut, Urad, Peas & beans (Pulses), Turmeric, Dry chillies, Wheat, Masoor, Sesamum, Moong(Green Gram), Maize, Ginger, Onion, Other Rabi pulses, Small millets, Sweet potato, Arhar/Tur, Niger seed, Linseed, Black pepper, Gram, Tapioca, Mesta, Cotton(lint), Castor seed"
2019,2019-20,Assam,NALBARI,31,105838.0,"Rice, Rapeseed & Mustard, Potato, Jute, Arecanut","Rice, Rapeseed & Mustard, Potato, Jute, Arecanut, Coconut, Banana, Peas & beans (Pulses), Masoor, Maize, Dry chillies, Turmeric, Ginger, Urad, Onion, Other Rabi pulses, Sesamum, Moong(Green Gram), Linseed, Niger seed, Wheat, Sugarcane, Arhar/Tur, Sweet potato, Black pepper, Small millets, Gram, Mesta, Tapioca, Castor seed, Cotton(lint)"
2019,2019-20,Assam,SIVASAGAR,26,112172.0,"Rice, Rapeseed & Mustard, Banana, Peas & beans (Pulses), Potato","Rice, Rapeseed & Mustard, Banana, Peas & beans (Pulses), Potato, Arecanut, Urad, Turmeric, Dry chillies, Coconut, Masoor, Arhar/Tur, Ginger, Moong(Green Gram), Sugarcane, Other Rabi pulses, Black pepper, Onion, Sweet potato, Maize, Sesamum, Jute, Tapioca, Mesta, Small millets, Wheat"
2019,2019-20,Assam,SONITPUR,32,207905.0,"Rice, Rapeseed & Mustard, Potato, Urad, Banana","Rice, Rapeseed & Mustard, Potato, Urad, Banana, Jute, Arecanut, Peas & beans (Pulses), Sugarcane, Masoor, Dry chillies, Coconut, Maize, Turmeric, Moong(Green Gram), Ginger, Sesamum, Arhar/Tur, Onion, Other Rabi pulses, Sweet potato, Wheat, Tapioca, Gram, Niger seed, Mesta, Linseed, Black pepper, Small millets, Castor seed, Cotton(lint), Tobacco"
2019,2019-20,Assam,SOUTH SALMARA MANCACHAR,1,227.0,Arecanut,Arecanut
2019,2019-20,Assam,TINSUKIA,28,85932.0,"Rice, Rapeseed & Mustard, Potato, Banana, Urad","Rice, Rapeseed & Mustard, Potato, Banana, Urad, Arecanut, Peas & beans (Pulses), Maize, Ginger, Turmeric, Dry chillies, Black pepper, Sugarcane, Other Rabi pulses, Moong(Green Gram), Sweet potato, Sesamum, Arhar/Tur, Coconut, Onion, Wheat, Tapioca, Masoor, Niger seed, Small millets, Jute, Linseed, Gram"
2019,2019-20,Assam,UDALGURI,30,116199.0,"Rice, Potato, Rapeseed & Mustard, Jute, Arecanut","Rice, Potato, Rapeseed & Mustard, Jute, Arecanut, Urad, Banana, Sugarcane, Coconut, Other Rabi pulses, Turmeric, Ginger, Maize, Peas & beans (Pulses), Niger seed, Linseed, Dry chillies, Wheat, Masoor, Onion, Arhar/Tur, Sesamum, Tapioca, Mesta, Sweet potato, Moong(Green Gram), Black pepper, Castor seed, Small millets, Gram"
2019,2019-20,Assam,WEST KARBI ANGLONG,2,655.0,"Arecanut, Coconut","Arecanut, Coconut"
2019,2019-20,Bihar,ARARIA,9,115604.0,"Maize, Rice, Wheat, Jute, Moong(Green Gram)","Maize, Rice, Wheat, Jute, Moong(Green Gram), Potato, Onion, Sunflower, Masoor"
2019,2019-20,Bihar,ARWAL,21,40737.0,"Rice, Wheat, Masoor, Gram, Potato","Rice, Wheat, Masoor, Gram, Potato, Rapeseed & Mustard, Peas & beans (Pulses), Moong(Green Gram), Maize, Khesari, Onion, Barley, Garlic, Horse-gram, Linseed, Arhar/Tur, Sesamum, Sugarcane, Urad, Groundnut, Ragi"
2019,2019-20,Bihar,AURANGABAD,17,300657.0,"Rice, Wheat, Masoor, Khesari, Gram","Rice, Wheat, Masoor, Khesari, Gram, Rapeseed & Mustard, Linseed, Potato, Arhar/Tur, Peas & beans (Pulses), Barley, Onion, Moong(Green Gram), Maize, Sesamum, Urad, Sugarcane"
2019,2019-20,Bihar,BANKA,21,143481.0,"Rice, Wheat, Potato, Maize, Moong(Green Gram)","Rice, Wheat, Potato, Maize, Moong(Green Gram), Gram, Masoor, Horse-gram, Arhar/Tur, Sugarcane, Rapeseed & Mustard, Sannhamp, Linseed, Other Kharif pulses, Other Rabi pulses, Barley, Khesari, Peas & beans (Pulses), Onion, Sesamum, Garlic"
2019,2019-20,Bihar,BEGUSARAI,24,174087.0,"Maize, Wheat, Soyabean, Rice, Rapeseed & Mustard","Maize, Wheat, Soyabean, Rice, Rapeseed & Mustard, Potato, Sugarcane, Peas & beans (Pulses), Arhar/Tur, Masoor, Moong(Green Gram), Urad, Horse-gram, Sunflower, Other Kharif pulses, Onion, Turmeric, Sannhamp, Sesamum, Garlic, Coriander, Khesari, Groundnut, Ragi"
2019,2019-20,Bihar,BHAGALPUR,30,137802.0,"Wheat, Maize, Rice, Potato, Horse-gram","Wheat, Maize, Rice, Potato, Horse-gram, Gram, Masoor, Rapeseed & Mustard, Sugarcane, Khesari, Peas & beans (Pulses), Barley, Moong(Green Gram), Linseed, Arhar/Tur, Other Kharif pulses, Urad, Onion, Other Rabi pulses, Small millets, Sunflower, Sannhamp, Coriander, Turmeric, Mesta, Tobacco, Garlic, Bajra, Sesamum, Castor seed"
2019,2019-20,Bihar,BHOJPUR,20,223837.0,"Rice, Wheat, Masoor, Gram, Potato","Rice, Wheat, Masoor, Gram, Potato, Khesari, Maize, Rapeseed & Mustard, Barley, Peas & beans (Pulses), Bajra, Linseed, Onion, Arhar/Tur, Jowar, Other Kharif pulses, Moong(Green Gram), Small millets, Other Rabi pulses, Sugarcane"
2019,2019-20,Bihar,BUXAR,20,186440.0,"Wheat, Rice, Bajra, Masoor, Potato","Wheat, Rice, Bajra, Masoor, Potato, Gram, Barley, Rapeseed & Mustard, Maize, Khesari, Peas & beans (Pulses), Small millets, Jowar, Onion, Linseed, Arhar/Tur, Sugarcane, Other Rabi pulses, Moong(Green Gram), Other Kharif pulses"
2019,2019-20,Bihar,DARBHANGA,19,156266.0,"Rice, Wheat, Maize, Moong(Green Gram), Potato","Rice, Wheat, Maize, Moong(Green Gram), Potato, Masoor, Sugarcane, Rapeseed & Mustard, Ragi, Arhar/Tur, Khesari, Safflower, Onion, Urad, Gram, Linseed, Sunflower, Coriander, Turmeric"
2019,2019-20,Bihar,GAYA,16,171642.0,"Rice, Wheat, Masoor, Potato, Gram","Rice, Wheat, Masoor, Potato, Gram, Moong(Green Gram), Arhar/Tur, Horse-gram, Maize, Rapeseed & Mustard, Onion, Barley, Khesari, Ragi, Sesamum, Urad"
2019,2019-20,Bihar,GOPALGANJ,15,173970.0,"Wheat, Rice, Sugarcane, Maize, Potato","Wheat, Rice, Sugarcane, Maize, Potato, Rapeseed & Mustard, Moong(Green Gram), Peas & beans (Pulses), Masoor, Arhar/Tur, Tobacco, Onion, Urad, Other Kharif pulses, Ragi"
2019,2019-20,Bihar,JAMUI,13,65495.0,"Rice, Wheat, Maize, Gram, Potato","Rice, Wheat, Maize, Gram, Potato, Arhar/Tur, Rapeseed & Mustard, Masoor, Moong(Green Gram), Onion, Horse-gram, Barley, Sugarcane"
2019,2019-20,Bihar,JEHANABAD,21,66703.0,"Rice, Wheat, Masoor, Khesari, Gram","Rice, Wheat, Masoor, Khesari, Gram, Potato, Peas & beans (Pulses), Maize, Arhar/Tur, Moong(Green Gram), Rapeseed & Mustard, Sugarcane, Onion, Barley, Linseed, Urad, Ragi, Coriander, Sannhamp, Garlic, Sunflower"
2019,2019-20,Bihar,KAIMUR (BHABUA),22,246014.0,"Rice, Wheat, Rapeseed & Mustard, Gram, Masoor","Rice, Wheat, Rapeseed & Mustard, Gram, Masoor, Peas & beans (Pulses), Arhar/Tur, Potato, Linseed, Barley, Khesari, Maize, Moong(Green Gram), Onion, Other Kharif pulses, Urad, Sesamum, Sugarcane, Garlic, Ragi, Sunflower, Coriander"
2019,2019-20,Bihar,KATIHAR,22,212984.0,"Rice, Maize, Wheat, Potato, Jute","Rice, Maize, Wheat, Potato, Jute, Moong(Green Gram), Rapeseed & Mustard, Masoor, Urad, Mesta, Peas & beans (Pulses), Horse-gram, Onion, Garlic, Turmeric, Sesamum, Ginger, Khesari, Sannhamp, Arhar/Tur, Coriander, Small millets"
2019,2019-20,Bihar,KHAGARIA,29,120484.0,"Maize, Wheat, Rice, Rapeseed & Mustard, Urad","Maize, Wheat, Rice, Rapeseed & Mustard, Urad, Moong(Green Gram), Soyabean, Potato, Peas & beans (Pulses), Small millets, Sunflower, Masoor, Horse-gram, Onion, Arhar/Tur, Khesari, Coriander, Ragi, Sannhamp, Barley, Garlic, Other Kharif pulses, Gram, Linseed, Sugarcane, Jowar, Other Rabi pulses, Turmeric, Mesta"
2019,2019-20,Bihar,KISHANGANJ,25,134439.0,"Rice, Wheat, Jute, Moong(Green Gram), Potato","Rice, Wheat, Jute, Moong(Green Gram), Potato, Maize, Linseed, Mesta, Rapeseed & Mustard, Masoor, Turmeric, Khesari, Onion, Garlic, Sesamum, Ginger, Gram, Ragi, Other Kharif pulses, Urad, Sugarcane, Tobacco, Arhar/Tur, Barley, Coriander"
2019,2019-20,Bihar,LAKHISARAI,12,73915.0,"Rice, Wheat, Maize, Masoor, Gram","Rice, Wheat, Maize, Masoor, Gram, Rapeseed & Mustard, Khesari, Peas & beans (Pulses), Soyabean, Moong(Green Gram), Potato, Onion"
2019,2019-20,Bihar,MADHEPURA,29,185593.0,"Rice, Maize, Wheat, Moong(Green Gram), Jute","Rice, Maize, Wheat, Moong(Green Gram), Jute, Potato, Mesta, Sunflower, Rapeseed & Mustard, Peas & beans (Pulses), Horse-gram, Urad, Masoor, Khesari, Onion, Sugarcane, Garlic, Turmeric, Sesamum, Linseed, Small millets, Sannhamp, Ragi, Castor seed, Arhar/Tur, Barley, Coriander, Ginger, Other Kharif pulses"
2019,2019-20,Bihar,MADHUBANI,27,311215.0,"Rice, Wheat, Moong(Green Gram), Masoor, Potato","Rice, Wheat, Moong(Green Gram), Masoor, Potato, Urad, Horse-gram, Rapeseed & Mustard, Onion, Maize, Khesari, Arhar/Tur, Linseed, Ragi, Other Rabi pulses, Peas & beans (Pulses), Sesamum, Turmeric, Sugarcane, Coriander, Garlic, Mesta, Barley, Gram, Sannhamp, Castor seed, Sunflower"
2019,2019-20,Bihar,MUNGER,18,45641.0,"Rice, Wheat, Maize, Gram, Masoor","Rice, Wheat, Maize, Gram, Masoor, Potato, Rapeseed & Mustard, Peas & beans (Pulses), Moong(Green Gram), Linseed, Khesari, Horse-gram, Sugarcane, Arhar/Tur, Onion, Other Kharif pulses, Sannhamp, Small millets"
2019,2019-20,Bihar,MUZAFFARPUR,23,319791.0,"Wheat, Rice, Maize, Moong(Green Gram), Potato","Wheat, Rice, Maize, Moong(Green Gram), Potato, Rapeseed & Mustard, Sugarcane, Masoor, Arhar/Tur, Khesari, Tobacco, Other Rabi pulses, Barley, Onion, Gram, Peas & beans (Pulses), Turmeric, Coriander, Garlic, Ginger, Linseed, Sesamum, Sunflower"
2019,2019-20,Bihar,NALANDA,23,232432.0,"Rice, Wheat, Masoor, Maize, Gram","Rice, Wheat, Masoor, Maize, Gram, Potato, Khesari, Rapeseed & Mustard, Moong(Green Gram), Onion, Coriander, Peas & beans (Pulses), Arhar/Tur, Sunflower, Linseed, Barley, Garlic, Other Rabi pulses, Small millets, Ragi, Sesamum, Castor seed, Sannhamp"
2019,2019-20,Bihar,NAWADA,23,126010.0,"Rice, Wheat, Masoor, Potato, Moong(Green Gram)","Rice, Wheat, Masoor, Potato, Moong(Green Gram), Gram, Maize, Arhar/Tur, Khesari, Groundnut, Rapeseed & Mustard, Other Kharif pulses, Horse-gram, Linseed, Peas & beans (Pulses), Ragi, Sesamum, Sugarcane, Barley, Sannhamp, Sunflower, Onion, Urad"
2019,2019-20,Bihar,PASHCHIM CHAMPARAN,25,371062.0,"Sugarcane, Rice, Wheat, Masoor, Potato","Sugarcane, Rice, Wheat, Masoor, Potato, Maize, Rapeseed & Mustard, Onion, Moong(Green Gram), Turmeric, Linseed, Peas & beans (Pulses), Arhar/Tur, Garlic, Groundnut, Urad, Other Kharif pulses, Other Rabi pulses, Coriander, Sesamum, Ginger, Sunflower, Gram, Khesari, Sannhamp"
2019,2019-20,Bihar,PATNA,22,181197.0,"Wheat, Rice, Masoor, Khesari, Maize","Wheat, Rice, Masoor, Khesari, Maize, Gram, Potato, Rapeseed & Mustard, Peas & beans (Pulses), Arhar/Tur, Onion, Moong(Green Gram), Coriander, Barley, Linseed, Garlic, Sugarcane, Mesta, Sunflower, Ragi, Jowar, Sesamum"
2019,2019-20,Bihar,PURBI CHAMPARAN,15,399775.0,"Rice, Wheat, Maize, Sugarcane, Potato","Rice, Wheat, Maize, Sugarcane, Potato, Masoor, Khesari, Rapeseed & Mustard, Arhar/Tur, Moong(Green Gram), Onion, Peas & beans (Pulses), Linseed, Sunflower, Garlic"
2019,2019-20,Bihar,PURNIA,18,175397.0,"Rice, Maize, Potato, Wheat, Jute","Rice, Maize, Potato, Wheat, Jute, Moong(Green Gram), Masoor, Rapeseed & Mustard, Onion, Horse-gram, Sunflower, Urad, Linseed, Peas & beans (Pulses), Mesta, Sugarcane, Groundnut, Sesamum"
2019,2019-20,Bihar,ROHTAS,19,384933.0,"Rice, Wheat, Gram, Masoor, Khesari","Rice, Wheat, Gram, Masoor, Khesari, Rapeseed & Mustard, Potato, Arhar/Tur, Barley, Linseed, Peas & beans (Pulses), Onion, Moong(Green Gram), Urad, Coriander, Garlic, Turmeric, Sunflower, Ginger"
2019,2019-20,Bihar,SAHARSA,20,177706.0,"Rice, Wheat, Maize, Moong(Green Gram), Potato","Rice, Wheat, Maize, Moong(Green Gram), Potato, Rapeseed & Mustard, Masoor, Ragi, Onion, Horse-gram, Linseed, Peas & beans (Pulses), Khesari, Sugarcane, Sunflower, Sannhamp, Mesta, Sesamum, Urad, Jute"
2019,2019-20,Bihar,SAMASTIPUR,30,257671.0,"Rice, Maize, Wheat, Potato, Moong(Green Gram)","Rice, Maize, Wheat, Potato, Moong(Green Gram), Rapeseed & Mustard, Tobacco, Sugarcane, Turmeric, Masoor, Soyabean, Arhar/Tur, Peas & beans (Pulses), Urad, Sesamum, Onion, Khesari, Coriander, Garlic, Mesta, Barley, Sannhamp, Ragi, Small millets, Linseed, Other Kharif pulses, Gram, Other Rabi pulses, Ginger, Horse-gram"
2019,2019-20,Bihar,SARAN,19,176180.0,"Wheat, Rice, Maize, Potato, Rapeseed & Mustard","Wheat, Rice, Maize, Potato, Rapeseed & Mustard, Moong(Green Gram), Arhar/Tur, Onion, Sugarcane, Ragi, Peas & beans (Pulses), Small millets, Masoor, Barley, Gram, Urad, Khesari, Sannhamp, Other Rabi pulses"
2019,2019-20,Bihar,SHEIKHPURA,14,52087.0,"Rice, Wheat, Masoor, Onion, Gram","Rice, Wheat, Masoor, Onion, Gram, Rapeseed & Mustard, Maize, Khesari, Potato, Arhar/Tur, Moong(Green Gram), Peas & beans (Pulses), Coriander, Sugarcane"
2019,2019-20,Bihar,SHEOHAR,19,43088.0,"Rice, Wheat, Maize, Sugarcane, Moong(Green Gram)","Rice, Wheat, Maize, Sugarcane, Moong(Green Gram), Masoor, Rapeseed & Mustard, Potato, Linseed, Sesamum, Garlic, Khesari, Coriander, Tobacco, Arhar/Tur, Turmeric, Peas & beans (Pulses), Onion, Sunflower"
2019,2019-20,Bihar,SITAMARHI,20,227330.0,"Rice, Wheat, Sugarcane, Potato, Maize","Rice, Wheat, Sugarcane, Potato, Maize, Moong(Green Gram), Masoor, Rapeseed & Mustard, Other Rabi pulses, Onion, Khesari, Linseed, Castor seed, Arhar/Tur, Coriander, Ragi, Sesamum, Garlic, Peas & beans (Pulses), Barley"
2019,2019-20,Bihar,SIWAN,28,202230.0,"Wheat, Rice, Maize, Potato, Sugarcane","Wheat, Rice, Maize, Potato, Sugarcane, Rapeseed & Mustard, Arhar/Tur, Moong(Green Gram), Peas & beans (Pulses), Onion, Ragi, Masoor, Gram, Small millets, Barley, Garlic, Urad, Other Kharif pulses, Tobacco, Bajra, Sannhamp, Linseed, Other Rabi pulses, Turmeric, Mesta, Coriander, Sesamum, Ginger"
2019,2019-20,Bihar,SUPAUL,25,229462.0,"Rice, Wheat, Moong(Green Gram), Maize, Mesta","Rice, Wheat, Moong(Green Gram), Maize, Mesta, Jute, Potato, Sunflower, Khesari, Rapeseed & Mustard, Masoor, Onion, Urad, Horse-gram, Peas & beans (Pulses), Linseed, Ragi, Garlic, Turmeric, Small millets, Sesamum, Coriander, Arhar/Tur, Other Kharif pulses, Ginger"
2019,2019-20,Bihar,VAISHALI,19,138540.0,"Wheat, Rice, Maize, Potato, Moong(Green Gram)","Wheat, Rice, Maize, Potato, Moong(Green Gram), Tobacco, Rapeseed & Mustard, Onion, Mesta, Arhar/Tur, Sugarcane, Masoor, Urad, Ragi, Linseed, Barley, Khesari, Coriander, Gram"
2019,2019-20,Chandigarh,CHANDIGARH,3,634.0,"Wheat, Rice, Maize","Wheat, Rice, Maize"
2019,2019-20,Chhattisgarh,BALOD,27,243645.0,"Rice, Khesari, Gram, Wheat, Rapeseed & Mustard","Rice, Khesari, Gram, Wheat, Rapeseed & Mustard, Urad, Peas & beans (Pulses), Sugarcane, Linseed, Maize, Masoor, Arhar/Tur, Coriander, Sesamum, Small millets, Horse-gram, Bajra, Moong(Green Gram), Cotton(lint), Soyabean, Groundnut, Ragi, Niger seed, Dry chillies, Jowar, Other Kharif pulses, Turmeric"
2019,2019-20,Chhattisgarh,BALODA BAZAR,31,250693.0,"Rice, Wheat, Khesari, Gram, Urad","Rice, Wheat, Khesari, Gram, Urad, Rapeseed & Mustard, Peas & beans (Pulses), Masoor, Arhar/Tur, Onion, Groundnut, Sesamum, Soyabean, Dry chillies, Small millets, Moong(Green Gram), Cotton(lint), Coriander, Maize, Other Rabi pulses, Sugarcane, Potato, Sweet potato, Turmeric, Linseed, Other Kharif pulses, Ginger, Safflower, Horse-gram, Sunflower, Barley"
2019,2019-20,Chhattisgarh,BALRAMPUR,39,176013.0,"Rice, Maize, Wheat, Rapeseed & Mustard, Small millets","Rice, Maize, Wheat, Rapeseed & Mustard, Small millets, Arhar/Tur, Sesamum, Urad, Linseed, Niger seed, Potato, Sugarcane, Gram, Groundnut, Peas & beans (Pulses), Barley, Horse-gram, Onion, Masoor, Dry chillies, Jowar, Garlic, Ragi, Sweet potato, Coriander, Ginger, Moong(Green Gram), Other Kharif pulses, Other Rabi pulses, Bajra, Turmeric, Soyabean, Mesta, Sannhamp, Khesari, Sunflower, Castor seed, Jute, Tobacco"
2019,2019-20,Chhattisgarh,BASTAR,34,162471.0,"Rice, Maize, Small millets, Niger seed, Horse-gram","Rice, Maize, Small millets, Niger seed, Horse-gram, Urad, Ragi, Dry chillies, Rapeseed & Mustard, Sugarcane, Gram, Wheat, Arhar/Tur, Peas & beans (Pulses), Onion, Other Rabi pulses, Other Kharif pulses, Sesamum, Jowar, Moong(Green Gram), Masoor, Bajra, Turmeric, Sweet potato, Ginger, Potato, Linseed, Sunflower, Mesta, Sannhamp, Coriander, Groundnut, Khesari, Tobacco"
2019,2019-20,Chhattisgarh,BEMETARA,32,383322.0,"Rice, Gram, Khesari, Soyabean, Wheat","Rice, Gram, Khesari, Soyabean, Wheat, Sugarcane, Masoor, Arhar/Tur, Cotton(lint), Bajra, Groundnut, Peas & beans (Pulses), Dry chillies, Urad, Small millets, Maize, Moong(Green Gram), Turmeric, Other Kharif pulses, Sesamum, Coriander, Ginger, Other Rabi pulses, Sunflower, Rapeseed & Mustard, Linseed, Sweet potato, Barley, Safflower, Jowar, Potato, Onion"
2019,2019-20,Chhattisgarh,BIJAPUR,22,69414.0,"Rice, Moong(Green Gram), Maize, Urad, Jowar","Rice, Moong(Green Gram), Maize, Urad, Jowar, Horse-gram, Other Kharif pulses, Small millets, Ragi, Dry chillies, Coconut, Groundnut, Sesamum, Other Rabi pulses, Sweet potato, Turmeric, Arhar/Tur, Rapeseed & Mustard, Bajra, Coriander, Mesta, Sugarcane"
2019,2019-20,Chhattisgarh,BILASPUR,32,195687.0,"Rice, Wheat, Khesari, Gram, Maize","Rice, Wheat, Khesari, Gram, Maize, Dry chillies, Peas & beans (Pulses), Arhar/Tur, Rapeseed & Mustard, Other Kharif pulses, Coriander, Sugarcane, Onion, Other Rabi pulses, Groundnut, Urad, Sesamum, Masoor, Potato, Horse-gram, Small millets, Moong(Green Gram), Soyabean, Linseed, Bajra, Jute, Turmeric, Jowar, Sweet potato, Safflower, Ginger, Mesta"
2019,2019-20,Chhattisgarh,DANTEWADA,28,89563.0,"Rice, Small millets, Maize, Urad, Horse-gram","Rice, Small millets, Maize, Urad, Horse-gram, Rapeseed & Mustard, Other Kharif pulses, Ragi, Niger seed, Arhar/Tur, Moong(Green Gram), Dry chillies, Sweet potato, Bajra, Sesamum, Turmeric, Jowar, Gram, Mesta, Coriander, Sannhamp, Other Rabi pulses, Sunflower, Ginger, Wheat, Linseed, Onion, Peas & beans (Pulses)"
2019,2019-20,Chhattisgarh,DHAMTARI,31,212914.0,"Rice, Khesari, Gram, Wheat, Rapeseed & Mustard","Rice, Khesari, Gram, Wheat, Rapeseed & Mustard, Maize, Urad, Peas & beans (Pulses), Horse-gram, Masoor, Moong(Green Gram), Dry chillies, Arhar/Tur, Linseed, Other Kharif pulses, Ragi, Coriander, Sugarcane, Sesamum, Bajra, Other Rabi pulses, Sweet potato, Onion, Jowar, Potato, Mesta, Small millets, Ginger, Groundnut, Niger seed, Turmeric"
2019,2019-20,Chhattisgarh,DURG,30,194479.0,"Rice, Gram, Wheat, Khesari, Soyabean","Rice, Gram, Wheat, Khesari, Soyabean, Rapeseed & Mustard, Masoor, Small millets, Maize, Arhar/Tur, Cotton(lint), Sugarcane, Bajra, Urad, Linseed, Peas & beans (Pulses), Sesamum, Coriander, Moong(Green Gram), Barley, Sweet potato, Safflower, Onion, Jowar, Other Rabi pulses, Dry chillies, Ginger, Other Kharif pulses, Turmeric, Sunflower"
2019,2019-20,Chhattisgarh,GARIYABAND,30,155123.0,"Rice, Maize, Khesari, Urad, Moong(Green Gram)","Rice, Maize, Khesari, Urad, Moong(Green Gram), Gram, Peas & beans (Pulses), Arhar/Tur, Wheat, Groundnut, Small millets, Onion, Horse-gram, Sesamum, Rapeseed & Mustard, Sugarcane, Dry chillies, Coriander, Jowar, Bajra, Other Kharif pulses, Masoor, Linseed, Other Rabi pulses, Potato, Garlic, Ragi, Ginger, Cotton(lint), Turmeric"
2019,2019-20,Chhattisgarh,GAURELLA-PENDRA-MARWAHI,31,67243.0,"Rice, Maize, Wheat, Urad, Gram","Rice, Maize, Wheat, Urad, Gram, Small millets, Arhar/Tur, Rapeseed & Mustard, Khesari, Groundnut, Linseed, Peas & beans (Pulses), Sesamum, Masoor, Horse-gram, Potato, Onion, Dry chillies, Niger seed, Jowar, Other Rabi pulses, Moong(Green Gram), Safflower, Garlic, Jute, Bajra, Other Kharif pulses, Sweet potato, Coriander, Ginger, Sugarcane"
2019,2019-20,Chhattisgarh,JANJGIR-CHAMPA,30,267466.0,"Rice, Wheat, Urad, Maize, Arhar/Tur","Rice, Wheat, Urad, Maize, Arhar/Tur, Groundnut, Onion, Rapeseed & Mustard, Sesamum, Gram, Sunflower, Dry chillies, Moong(Green Gram), Other Kharif pulses, Potato, Other Rabi pulses, Peas & beans (Pulses), Khesari, Horse-gram, Sweet potato, Sannhamp, Turmeric, Garlic, Linseed, Sugarcane, Castor seed, Safflower, Ginger, Masoor, Coriander"
2019,2019-20,Chhattisgarh,JASHPUR,33,246975.0,"Rice, Niger seed, Urad, Maize, Groundnut","Rice, Niger seed, Urad, Maize, Groundnut, Arhar/Tur, Horse-gram, Rapeseed & Mustard, Small millets, Potato, Wheat, Other Rabi pulses, Gram, Linseed, Peas & beans (Pulses), Onion, Dry chillies, Other Kharif pulses, Masoor, Sweet potato, Sesamum, Garlic, Ragi, Sugarcane, Turmeric, Jowar, Sannhamp, Khesari, Coriander, Moong(Green Gram), Bajra, Ginger, Mesta"
2019,2019-20,Chhattisgarh,KABIRDHAM,26,301874.0,"Rice, Gram, Soyabean, Sugarcane, Wheat","Rice, Gram, Soyabean, Sugarcane, Wheat, Khesari, Small millets, Arhar/Tur, Masoor, Maize, Groundnut, Urad, Rapeseed & Mustard, Peas & beans (Pulses), Niger seed, Bajra, Onion, Potato, Sesamum, Jowar, Dry chillies, Other Rabi pulses, Other Kharif pulses, Coriander, Linseed, Moong(Green Gram)"
2019,2019-20,Chhattisgarh,KANKER,33,221726.0,"Rice, Maize, Urad, Small millets, Horse-gram","Rice, Maize, Urad, Small millets, Horse-gram, Peas & beans (Pulses), Ragi, Gram, Khesari, Other Kharif pulses, Wheat, Niger seed, Arhar/Tur, Linseed, Masoor, Rapeseed & Mustard, Moong(Green Gram), Sesamum, Coriander, Dry chillies, Bajra, Sunflower, Onion, Sugarcane, Sweet potato, Jowar, Sannhamp, Groundnut, Soyabean, Turmeric, Other Rabi pulses, Ginger, Potato"
2019,2019-20,Chhattisgarh,KONDAGAON,34,143549.0,"Rice, Maize, Urad, Horse-gram, Ragi","Rice, Maize, Urad, Horse-gram, Ragi, Small millets, Niger seed, Other Kharif pulses, Gram, Other Rabi pulses, Sesamum, Dry chillies, Wheat, Sweet potato, Linseed, Potato, Moong(Green Gram), Arhar/Tur, Onion, Ginger, Peas & beans (Pulses), Sunflower, Turmeric, Coconut, Groundnut, Rapeseed & Mustard, Jowar, Bajra, Sugarcane, Coriander, Sannhamp, Khesari, Mesta, Garlic"
2019,2019-20,Chhattisgarh,KORBA,34,120734.0,"Rice, Maize, Horse-gram, Urad, Rapeseed & Mustard","Rice, Maize, Horse-gram, Urad, Rapeseed & Mustard, Sesamum, Arhar/Tur, Small millets, Other Kharif pulses, Wheat, Khesari, Niger seed, Groundnut, Potato, Gram, Peas & beans (Pulses), Jowar, Linseed, Onion, Dry chillies, Other Rabi pulses, Barley, Moong(Green Gram), Sweet potato, Coriander, Jute, Bajra, Garlic, Masoor, Turmeric, Mesta, Safflower, Sannhamp, Soyabean"
2019,2019-20,Chhattisgarh,KOREA,34,105414.0,"Rice, Maize, Urad, Small millets, Wheat","Rice, Maize, Urad, Small millets, Wheat, Arhar/Tur, Rapeseed & Mustard, Horse-gram, Sesamum, Niger seed, Linseed, Potato, Gram, Other Rabi pulses, Groundnut, Peas & beans (Pulses), Khesari, Onion, Masoor, Jowar, Dry chillies, Mesta, Garlic, Other Kharif pulses, Sweet potato, Barley, Coriander, Ginger, Sannhamp, Turmeric, Bajra, Moong(Green Gram), Soyabean, Tobacco"
2019,2019-20,Chhattisgarh,MAHASAMUND,30,306523.0,"Rice, Urad, Groundnut, Wheat, Moong(Green Gram)","Rice, Urad, Groundnut, Wheat, Moong(Green Gram), Khesari, Rapeseed & Mustard, Sesamum, Maize, Arhar/Tur, Onion, Gram, Other Rabi pulses, Potato, Small millets, Bajra, Dry chillies, Peas & beans (Pulses), Other Kharif pulses, Coriander, Sunflower, Linseed, Sugarcane, Turmeric, Sannhamp, Horse-gram, Ginger, Garlic, Sweet potato, Castor seed"
2019,2019-20,Chhattisgarh,MUNGELI,30,223329.0,"Rice, Khesari, Gram, Wheat, Soyabean","Rice, Khesari, Gram, Wheat, Soyabean, Arhar/Tur, Groundnut, Sugarcane, Masoor, Peas & beans (Pulses), Small millets, Coriander, Moong(Green Gram), Onion, Maize, Linseed, Urad, Dry chillies, Sesamum, Potato, Rapeseed & Mustard, Other Kharif pulses, Bajra, Other Rabi pulses, Ragi, Turmeric, Jowar, Garlic, Safflower, Sunflower"
2019,2019-20,Chhattisgarh,NARAYANPUR,27,30634.0,"Rice, Small millets, Urad, Horse-gram, Maize","Rice, Small millets, Urad, Horse-gram, Maize, Niger seed, Ragi, Gram, Rapeseed & Mustard, Arhar/Tur, Wheat, Other Kharif pulses, Peas & beans (Pulses), Sesamum, Moong(Green Gram), Potato, Dry chillies, Sweet potato, Sugarcane, Bajra, Linseed, Turmeric, Coriander, Ginger, Masoor, Onion, Other Rabi pulses"
2019,2019-20,Chhattisgarh,RAIGARH,33,285700.0,"Rice, Urad, Wheat, Groundnut, Sesamum","Rice, Urad, Wheat, Groundnut, Sesamum, Horse-gram, Arhar/Tur, Moong(Green Gram), Rapeseed & Mustard, Maize, Other Kharif pulses, Potato, Peas & beans (Pulses), Other Rabi pulses, Niger seed, Dry chillies, Khesari, Onion, Gram, Sunflower, Ginger, Linseed, Sugarcane, Sannhamp, Turmeric, Masoor, Coriander, Sweet potato, Bajra, Small millets, Mesta, Jowar, Castor seed"
2019,2019-20,Chhattisgarh,RAIPUR,32,197972.0,"Rice, Khesari, Wheat, Rapeseed & Mustard, Gram","Rice, Khesari, Wheat, Rapeseed & Mustard, Gram, Masoor, Peas & beans (Pulses), Maize, Bajra, Urad, Dry chillies, Sesamum, Cotton(lint), Sugarcane, Arhar/Tur, Coriander, Soyabean, Groundnut, Onion, Moong(Green Gram), Other Rabi pulses, Linseed, Safflower, Potato, Ginger, Turmeric, Small millets, Barley, Other Kharif pulses, Sannhamp, Garlic, Mesta"
2019,2019-20,Chhattisgarh,RAJNANDGAON,34,543405.0,"Rice, Gram, Soyabean, Khesari, Wheat","Rice, Gram, Soyabean, Khesari, Wheat, Maize, Masoor, Linseed, Small millets, Arhar/Tur, Urad, Horse-gram, Rapeseed & Mustard, Cotton(lint), Peas & beans (Pulses), Sesamum, Bajra, Moong(Green Gram), Sugarcane, Dry chillies, Safflower, Other Kharif pulses, Onion, Coriander, Ragi, Sweet potato, Turmeric, Jowar, Potato, Other Rabi pulses, Barley, Ginger, Sunflower, Groundnut"
2019,2019-20,Chhattisgarh,SUKMA,22,98634.0,"Rice, Small millets, Sesamum, Maize, Moong(Green Gram)","Rice, Small millets, Sesamum, Maize, Moong(Green Gram), Jowar, Horse-gram, Urad, Peas & beans (Pulses), Barley, Bajra, Arhar/Tur, Rapeseed & Mustard, Other Kharif pulses, Other Rabi pulses, Sweet potato, Dry chillies, Gram, Niger seed, Groundnut, Turmeric, Sunflower"
2019,2019-20,Chhattisgarh,SURAJPUR,34,167187.0,"Rice, Maize, Wheat, Urad, Small millets","Rice, Maize, Wheat, Urad, Small millets, Rapeseed & Mustard, Groundnut, Arhar/Tur, Niger seed, Potato, Sugarcane, Horse-gram, Linseed, Sesamum, Peas & beans (Pulses), Onion, Gram, Masoor, Dry chillies, Barley, Other Kharif pulses, Sweet potato, Garlic, Ginger, Turmeric, Jowar, Mesta, Khesari, Coriander, Sannhamp, Moong(Green Gram), Ragi, Tobacco, Bajra"
2019,2019-20,Chhattisgarh,SURGUJA,36,169257.0,"Rice, Maize, Wheat, Niger seed, Urad","Rice, Maize, Wheat, Niger seed, Urad, Rapeseed & Mustard, Arhar/Tur, Sugarcane, Linseed, Groundnut, Potato, Horse-gram, Small millets, Gram, Masoor, Peas & beans (Pulses), Onion, Dry chillies, Ginger, Garlic, Sesamum, Sweet potato, Mesta, Turmeric, Other Kharif pulses, Barley, Coriander, Sannhamp, Jowar, Sunflower, Khesari, Bajra, Soyabean, Moong(Green Gram), Other Rabi pulses, Tobacco"
2019,2019-20,Dadra and Nagar Haveli and Daman and Diu,DADRA AND NAGAR HAVELI,14,20419.0,"Rice, Arhar/Tur, Ragi, Urad, Other Rabi pulses","Rice, Arhar/Tur, Ragi, Urad, Other Rabi pulses, Sugarcane, Wheat, Niger seed, Cowpea(Lobia), Sesamum, Jowar, Rapeseed & Mustard, Maize, Groundnut"
2019,2019-20,Dadra and Nagar Haveli and Daman and Diu,DAMAN,1,1432.0,Rice,Rice
2019,2019-20,Dadra and Nagar Haveli and Daman and Diu,DIU,1,496.0,Bajra,Bajra
2019,2019-20,Delhi,DELHI_TOTAL,8,33033.0,"Wheat, Rice, Rapeseed & Mustard, Jowar, Bajra","Wheat, Rice, Rapeseed & Mustard, Jowar, Bajra, Barley, Maize, Gram"
2019,2019-20,Goa,NORTH GOA,11,66958.0,"Cashewnut, Rice, Coconut, Other Rabi pulses, Banana","Cashewnut, Rice, Coconut, Other Rabi pulses, Banana, Arecanut, Other oilseeds, Black pepper, Groundnut, Sugarcane, Sweet potato"
2019,2019-20,Goa,SOUTH GOA,11,62161.0,"Rice, Cashewnut, Coconut, Banana, Arecanut","Rice, Cashewnut, Coconut, Banana, Arecanut, Sugarcane, Other Rabi pulses, Black pepper, Other oilseeds, Sweet potato, Other Kharif pulses"
2019,2019-20,Gujarat,AHMADABAD,18,516273.0,"Wheat, Rice, Cotton(lint), Castor seed, Gram","Wheat, Rice, Cotton(lint), Castor seed, Gram, Bajra, Moth, Moong(Green Gram), Sesamum, Arhar/Tur, Guar seed, Urad, Rapeseed & Mustard, Potato, Tobacco, Groundnut, Other Kharif pulses, Maize"
2019,2019-20,Gujarat,AMRELI,19,593372.0,"Cotton(lint), Groundnut, Wheat, Gram, Onion","Cotton(lint), Groundnut, Wheat, Gram, Onion, Sesamum, Bajra, Moong(Green Gram), Arhar/Tur, Urad, Garlic, Castor seed, Other Kharif pulses, Maize, Jowar, Other Rabi pulses, Moth, Sugarcane, Small millets"
2019,2019-20,Gujarat,ANAND,21,300150.0,"Rice, Tobacco, Wheat, Bajra, Banana","Rice, Tobacco, Wheat, Bajra, Banana, Gram, Cotton(lint), Potato, Dry chillies, Rapeseed & Mustard, Moong(Green Gram), Castor seed, Small millets, Maize, Other Kharif pulses, Sesamum, Onion, Arhar/Tur, Groundnut, Jowar, Soyabean"
2019,2019-20,Gujarat,ARAVALLI,21,301437.0,"Wheat, Groundnut, Maize, Cotton(lint), Castor seed","Wheat, Groundnut, Maize, Cotton(lint), Castor seed, Potato, Soyabean, Urad, Gram, Arhar/Tur, Bajra, Moong(Green Gram), Guar seed, Tobacco, Rice, Sesamum, Rapeseed & Mustard, Jowar, Onion, Garlic, Moth"
2019,2019-20,Gujarat,BANAS KANTHA,20,847700.0,"Bajra, Groundnut, Rapeseed & Mustard, Castor seed, Wheat","Bajra, Groundnut, Rapeseed & Mustard, Castor seed, Wheat, Potato, Cotton(lint), Guar seed, Maize, Jowar, Moong(Green Gram), Small millets, Tobacco, Urad, Sesamum, Onion, Moth, Arhar/Tur, Gram, Garlic"
2019,2019-20,Gujarat,BHARUCH,18,278444.0,"Cotton(lint), Arhar/Tur, Sugarcane, Other Rabi pulses, Wheat","Cotton(lint), Arhar/Tur, Sugarcane, Other Rabi pulses, Wheat, Banana, Rice, Soyabean, Jowar, Gram, Urad, Castor seed, Sesamum, Moong(Green Gram), Bajra, Groundnut, Maize, Onion"
2019,2019-20,Gujarat,BHAVNAGAR,19,426063.0,"Cotton(lint), Groundnut, Bajra, Onion, Wheat","Cotton(lint), Groundnut, Bajra, Onion, Wheat, Sesamum, Gram, Moong(Green Gram), Maize, Urad, Arhar/Tur, Moth, Garlic, Castor seed, Other Kharif pulses, Guar seed, Rapeseed & Mustard, Sugarcane, Other Cereals"
2019,2019-20,Gujarat,BOTAD,16,192554.0,"Cotton(lint), Wheat, Sesamum, Gram, Groundnut","Cotton(lint), Wheat, Sesamum, Gram, Groundnut, Bajra, Moong(Green Gram), Arhar/Tur, Onion, Castor seed, Moth, Urad, Garlic, Rapeseed & Mustard, Guar seed, Maize"
2019,2019-20,Gujarat,CHHOTAUDEPUR,19,189309.0,"Cotton(lint), Maize, Arhar/Tur, Rice, Soyabean","Cotton(lint), Maize, Arhar/Tur, Rice, Soyabean, Urad, Gram, Wheat, Sesamum, Banana, Moong(Green Gram), Groundnut, Jowar, Castor seed, Other Cereals, Other Rabi pulses, Bajra, Onion, Other Kharif pulses"
2019,2019-20,Gujarat,DANG,12,74943.0,"Rice, Gram, Ragi, Urad, Groundnut","Rice, Gram, Ragi, Urad, Groundnut, Arhar/Tur, Soyabean, Moong(Green Gram), Onion, Sugarcane, Wheat, Maize"
2019,2019-20,Gujarat,DEVBHUMI DWARKA,12,244453.0,"Groundnut, Wheat, Cotton(lint), Gram, Sesamum","Groundnut, Wheat, Cotton(lint), Gram, Sesamum, Moong(Green Gram), Urad, Bajra, Potato, Castor seed, Onion, Garlic"
2019,2019-20,Gujarat,DOHAD,18,378651.0,"Maize, Wheat, Gram, Rice, Soyabean","Maize, Wheat, Gram, Rice, Soyabean, Arhar/Tur, Urad, Groundnut, Moong(Green Gram), Cotton(lint), Onion, Garlic, Sesamum, Bajra, Guar seed, Rapeseed & Mustard, Tobacco, Castor seed"
2019,2019-20,Gujarat,GANDHINAGAR,17,127879.0,"Wheat, Castor seed, Cotton(lint), Rice, Potato","Wheat, Castor seed, Cotton(lint), Rice, Potato, Bajra, Guar seed, Groundnut, Tobacco, Moong(Green Gram), Rapeseed & Mustard, Gram, Urad, Sesamum, Moth, Arhar/Tur, Maize"
2019,2019-20,Gujarat,GIR SOMNATH,19,226764.0,"Groundnut, Wheat, Cotton(lint), Gram, Bajra","Groundnut, Wheat, Cotton(lint), Gram, Bajra, Urad, Moong(Green Gram), Onion, Sugarcane, Soyabean, Sesamum, Small millets, Garlic, Other Rabi pulses, Arhar/Tur, Maize, Castor seed, Rapeseed & Mustard, Rice"
2019,2019-20,Gujarat,JAMNAGAR,15,429928.0,"Cotton(lint), Groundnut, Wheat, Gram, Sesamum","Cotton(lint), Groundnut, Wheat, Gram, Sesamum, Castor seed, Moong(Green Gram), Urad, Onion, Arhar/Tur, Garlic, Bajra, Guar seed, Moth, Rapeseed & Mustard"
2019,2019-20,Gujarat,JUNAGADH,18,501371.0,"Groundnut, Wheat, Cotton(lint), Gram, Sesamum","Groundnut, Wheat, Cotton(lint), Gram, Sesamum, Moong(Green Gram), Urad, Soyabean, Bajra, Onion, Garlic, Other Rabi pulses, Arhar/Tur, Castor seed, Jowar, Small millets, Sugarcane, Maize"
2019,2019-20,Gujarat,KACHCHH,19,484497.0,"Castor seed, Guar seed, Moong(Green Gram), Cotton(lint), Sesamum","Castor seed, Guar seed, Moong(Green Gram), Cotton(lint), Sesamum, Wheat, Groundnut, Bajra, Rapeseed & Mustard, Moth, Urad, Onion, Gram, Other Kharif pulses, Arhar/Tur, Garlic, Other Rabi pulses, Maize, Potato"
2019,2019-20,Gujarat,KHEDA,22,342964.0,"Rice, Wheat, Tobacco, Bajra, Cotton(lint)","Rice, Wheat, Tobacco, Bajra, Cotton(lint), Castor seed, Guar seed, Potato, Groundnut, Moong(Green Gram), Small millets, Gram, Arhar/Tur, Maize, Soyabean, Rapeseed & Mustard, Sesamum, Moth, Urad, Onion, Garlic, Jowar"
2019,2019-20,Gujarat,MAHESANA,20,301699.0,"Castor seed, Wheat, Cotton(lint), Tobacco, Groundnut","Castor seed, Wheat, Cotton(lint), Tobacco, Groundnut, Guar seed, Bajra, Rapeseed & Mustard, Potato, Urad, Rice, Moong(Green Gram), Sesamum, Gram, Moth, Maize, Onion, Garlic, Other Kharif pulses, Arhar/Tur"
2019,2019-20,Gujarat,MAHISAGAR,21,142193.0,"Maize, Rice, Wheat, Gram, Cotton(lint)","Maize, Rice, Wheat, Gram, Cotton(lint), Bajra, Castor seed, Arhar/Tur, Soyabean, Groundnut, Moong(Green Gram), Tobacco, Urad, Guar seed, Potato, Onion, Garlic, Other Kharif pulses, Sesamum, Jowar, Rapeseed & Mustard"
2019,2019-20,Gujarat,MORBI,18,357926.0,"Cotton(lint), Groundnut, Castor seed, Wheat, Sesamum","Cotton(lint), Groundnut, Castor seed, Wheat, Sesamum, Bajra, Gram, Moong(Green Gram), Rapeseed & Mustard, Garlic, Onion, Guar seed, Maize, Moth, Sugarcane, Jowar, Urad, Arhar/Tur"
2019,2019-20,Gujarat,NARMADA,18,114485.0,"Cotton(lint), Arhar/Tur, Rice, Banana, Maize","Cotton(lint), Arhar/Tur, Rice, Banana, Maize, Sugarcane, Jowar, Soyabean, Wheat, Gram, Moong(Green Gram), Urad, Bajra, Moth, Groundnut, Sesamum, Onion, Castor seed"
2019,2019-20,Gujarat,NAVSARI,14,82076.0,"Rice, Sugarcane, Gram, Other Rabi pulses, Arhar/Tur","Rice, Sugarcane, Gram, Other Rabi pulses, Arhar/Tur, Moong(Green Gram), Urad, Onion, Jowar, Maize, Wheat, Groundnut, Ragi, Rapeseed & Mustard"
2019,2019-20,Gujarat,PANCH MAHALS,23,203344.0,"Maize, Rice, Wheat, Arhar/Tur, Cotton(lint)","Maize, Rice, Wheat, Arhar/Tur, Cotton(lint), Castor seed, Bajra, Soyabean, Gram, Guar seed, Urad, Moong(Green Gram), Groundnut, Tobacco, Banana, Sesamum, Other Cereals, Rapeseed & Mustard, Jowar, Ragi, Other Kharif pulses, Potato, Moth"
2019,2019-20,Gujarat,PATAN,18,288506.0,"Castor seed, Cotton(lint), Wheat, Gram, Guar seed","Castor seed, Cotton(lint), Wheat, Gram, Guar seed, Rapeseed & Mustard, Urad, Bajra, Tobacco, Moong(Green Gram), Sesamum, Potato, Groundnut, Moth, Other Kharif pulses, Onion, Arhar/Tur, Garlic"
2019,2019-20,Gujarat,PORBANDAR,14,154866.0,"Groundnut, Wheat, Gram, Jowar, Cotton(lint)","Groundnut, Wheat, Gram, Jowar, Cotton(lint), Moong(Green Gram), Sesamum, Other Rabi pulses, Bajra, Onion, Urad, Arhar/Tur, Garlic, Castor seed"
2019,2019-20,Gujarat,RAJKOT,18,711304.0,"Cotton(lint), Groundnut, Wheat, Gram, Sesamum","Cotton(lint), Groundnut, Wheat, Gram, Sesamum, Onion, Castor seed, Garlic, Moong(Green Gram), Bajra, Arhar/Tur, Urad, Soyabean, Maize, Moth, Jowar, Other Kharif pulses, Sugarcane"
2019,2019-20,Gujarat,SABAR KANTHA,20,310953.0,"Wheat, Cotton(lint), Groundnut, Castor seed, Maize","Wheat, Cotton(lint), Groundnut, Castor seed, Maize, Potato, Urad, Rice, Soyabean, Arhar/Tur, Moong(Green Gram), Bajra, Guar seed, Tobacco, Gram, Rapeseed & Mustard, Sesamum, Onion, Garlic, Moth"
2019,2019-20,Gujarat,SURAT,22,154505.0,"Sugarcane, Rice, Jowar, Arhar/Tur, Soyabean","Sugarcane, Rice, Jowar, Arhar/Tur, Soyabean, Cotton(lint), Wheat, Banana, Maize, Gram, Moong(Green Gram), Urad, Groundnut, Other Rabi pulses, Sesamum, Onion, Guar seed, Other Kharif pulses, Castor seed, Rapeseed & Mustard, Garlic, Bajra"
2019,2019-20,Gujarat,SURENDRANAGAR,18,569750.0,"Cotton(lint), Castor seed, Wheat, Gram, Sesamum","Cotton(lint), Castor seed, Wheat, Gram, Sesamum, Groundnut, Bajra, Rice, Urad, Moong(Green Gram), Rapeseed & Mustard, Garlic, Dry chillies, Arhar/Tur, Guar seed, Maize, Onion, Moth"
2019,2019-20,Gujarat,TAPI,17,150047.0,"Rice, Sugarcane, Arhar/Tur, Jowar, Cotton(lint)","Rice, Sugarcane, Arhar/Tur, Jowar, Cotton(lint), Soyabean, Wheat, Gram, Groundnut, Maize, Moong(Green Gram), Urad, Other Rabi pulses, Castor seed, Other Kharif pulses, Other Cereals, Bajra"
2019,2019-20,Gujarat,VADODARA,27,250219.0,"Cotton(lint), Castor seed, Rice, Wheat, Arhar/Tur","Cotton(lint), Castor seed, Rice, Wheat, Arhar/Tur, Tobacco, Maize, Soyabean, Bajra, Banana, Other Rabi pulses, Moong(Green Gram), Jowar, Gram, Guar seed, Potato, Onion, Sesamum, Sugarcane, Groundnut, Urad, Garlic, Other Kharif pulses, Rapeseed & Mustard, Small millets, Moth, Other Cereals"
2019,2019-20,Gujarat,VALSAD,12,105474.0,"Rice, Arhar/Tur, Sugarcane, Urad, Other Rabi pulses","Rice, Arhar/Tur, Sugarcane, Urad, Other Rabi pulses, Gram, Ragi, Other Kharif pulses, Onion, Jowar, Moong(Green Gram), Groundnut"
2019,2019-20,Haryana,AMBALA,22,206568.0,"Rice, Wheat, Sugarcane, Potato, Sunflower","Rice, Wheat, Sugarcane, Potato, Sunflower, Onion, Rapeseed & Mustard, Peas & beans (Pulses), Maize, Other oilseeds, Bajra, Turmeric, Masoor, Garlic, Barley, Urad, Gram, Jowar, Coriander, Moong(Green Gram), Horse-gram, Sesamum"
2019,2019-20,Haryana,BHIWANI,22,520087.6,"Rapeseed & Mustard, Wheat, Cotton(lint), Bajra, Guar seed","Rapeseed & Mustard, Wheat, Cotton(lint), Bajra, Guar seed, Rice, Gram, Moong(Green Gram), Sugarcane, Barley, Other oilseeds, Onion, Jowar, Potato, Peas & beans (Pulses), Arhar/Tur, Moth, Garlic, Maize, Castor seed, Coriander, Groundnut"
2019,2019-20,Haryana,CHARKI DADRI,19,221642.0,"Rapeseed & Mustard, Bajra, Wheat, Cotton(lint), Rice","Rapeseed & Mustard, Bajra, Wheat, Cotton(lint), Rice, Guar seed, Sugarcane, Barley, Gram, Moong(Green Gram), Onion, Peas & beans (Pulses), Maize, Potato, Arhar/Tur, Castor seed, Garlic, Coriander, Groundnut"
2019,2019-20,Haryana,FARIDABAD,16,54705.0,"Wheat, Rice, Bajra, Jowar, Cotton(lint)","Wheat, Rice, Bajra, Jowar, Cotton(lint), Rapeseed & Mustard, Potato, Sugarcane, Moth, Peas & beans (Pulses), Onion, Coriander, Maize, Guar seed, Garlic, Moong(Green Gram)"
2019,2019-20,Haryana,FATEHABAD,18,423161.0,"Wheat, Rice, Cotton(lint), Rapeseed & Mustard, Guar seed","Wheat, Rice, Cotton(lint), Rapeseed & Mustard, Guar seed, Bajra, Groundnut, Gram, Sugarcane, Castor seed, Potato, Peas & beans (Pulses), Barley, Moong(Green Gram), Other oilseeds, Onion, Garlic, Moth"
2019,2019-20,Haryana,GURGAON,16,104434.0,"Wheat, Bajra, Rapeseed & Mustard, Cotton(lint), Rice","Wheat, Bajra, Rapeseed & Mustard, Cotton(lint), Rice, Barley, Onion, Jowar, Peas & beans (Pulses), Guar seed, Arhar/Tur, Potato, Coriander, Maize, Garlic, Moong(Green Gram)"
2019,2019-20,Haryana,HISAR,22,620821.0,"Wheat, Cotton(lint), Rice, Rapeseed & Mustard, Guar seed","Wheat, Cotton(lint), Rice, Rapeseed & Mustard, Guar seed, Bajra, Gram, Moong(Green Gram), Castor seed, Barley, Sugarcane, Potato, Peas & beans (Pulses), Maize, Groundnut, Onion, Other oilseeds, Moth, Garlic, Arhar/Tur, Coriander, Masoor"
2019,2019-20,Haryana,JHAJJAR,18,243458.0,"Wheat, Rice, Bajra, Rapeseed & Mustard, Cotton(lint)","Wheat, Rice, Bajra, Rapeseed & Mustard, Cotton(lint), Sugarcane, Barley, Guar seed, Jowar, Peas & beans (Pulses), Arhar/Tur, Potato, Onion, Gram, Maize, Moong(Green Gram), Groundnut, Castor seed"
2019,2019-20,Haryana,JIND,17,443369.0,"Wheat, Rice, Cotton(lint), Bajra, Rapeseed & Mustard","Wheat, Rice, Cotton(lint), Bajra, Rapeseed & Mustard, Sugarcane, Potato, Onion, Peas & beans (Pulses), Coriander, Guar seed, Barley, Garlic, Maize, Gram, Turmeric, Moong(Green Gram)"
2019,2019-20,Haryana,KAITHAL,15,370202.0,"Wheat, Rice, Cotton(lint), Sugarcane, Rapeseed & Mustard","Wheat, Rice, Cotton(lint), Sugarcane, Rapeseed & Mustard, Peas & beans (Pulses), Onion, Bajra, Potato, Garlic, Maize, Coriander, Moong(Green Gram), Gram, Jowar"
2019,2019-20,Haryana,KARNAL,20,385586.0,"Rice, Wheat, Sugarcane, Potato, Peas & beans (Pulses)","Rice, Wheat, Sugarcane, Potato, Peas & beans (Pulses), Onion, Rapeseed & Mustard, Garlic, Maize, Bajra, Coriander, Masoor, Gram, Barley, Guar seed, Jowar, Turmeric, Moong(Green Gram), Urad, Arhar/Tur"
2019,2019-20,Haryana,KURUKSHETRA,16,264576.0,"Rice, Wheat, Sugarcane, Potato, Sunflower","Rice, Wheat, Sugarcane, Potato, Sunflower, Rapeseed & Mustard, Peas & beans (Pulses), Other oilseeds, Onion, Moong(Green Gram), Maize, Urad, Garlic, Turmeric, Masoor, Barley"
2019,2019-20,Haryana,MAHENDRAGARH,16,288073.0,"Bajra, Rapeseed & Mustard, Wheat, Cotton(lint), Gram","Bajra, Rapeseed & Mustard, Wheat, Cotton(lint), Gram, Guar seed, Peas & beans (Pulses), Other oilseeds, Barley, Moong(Green Gram), Onion, Moth, Jowar, Potato, Garlic, Coriander"
2019,2019-20,Haryana,MEWAT,20,171713.0,"Wheat, Bajra, Rapeseed & Mustard, Jowar, Rice","Wheat, Bajra, Rapeseed & Mustard, Jowar, Rice, Cotton(lint), Onion, Peas & beans (Pulses), Masoor, Arhar/Tur, Sugarcane, Barley, Coriander, Gram, Garlic, Potato, Maize, Moong(Green Gram), Guar seed, Castor seed"
2019,2019-20,Haryana,PALWAL,16,192501.0,"Wheat, Rice, Cotton(lint), Bajra, Jowar","Wheat, Rice, Cotton(lint), Bajra, Jowar, Moong(Green Gram), Rapeseed & Mustard, Sugarcane, Peas & beans (Pulses), Barley, Onion, Arhar/Tur, Garlic, Potato, Coriander, Maize"
2019,2019-20,Haryana,PANCHKULA,22,43023.0,"Wheat, Rice, Maize, Potato, Bajra","Wheat, Rice, Maize, Potato, Bajra, Other oilseeds, Rapeseed & Mustard, Sugarcane, Horse-gram, Sesamum, Onion, Sunflower, Turmeric, Peas & beans (Pulses), Gram, Ginger, Masoor, Garlic, Coriander, Groundnut, Guar seed, Arhar/Tur"
2019,2019-20,Haryana,PANIPAT,21,187343.0,"Wheat, Rice, Sugarcane, Potato, Peas & beans (Pulses)","Wheat, Rice, Sugarcane, Potato, Peas & beans (Pulses), Onion, Rapeseed & Mustard, Bajra, Coriander, Turmeric, Garlic, Gram, Moong(Green Gram), Maize, Barley, Jowar, Urad, Arhar/Tur, Groundnut, Guar seed, Masoor"
2019,2019-20,Haryana,REWARI,20,207418.0,"Rapeseed & Mustard, Bajra, Wheat, Cotton(lint), Rice","Rapeseed & Mustard, Bajra, Wheat, Cotton(lint), Rice, Peas & beans (Pulses), Jowar, Onion, Guar seed, Barley, Urad, Other oilseeds, Coriander, Garlic, Arhar/Tur, Potato, Castor seed, Moong(Green Gram), Gram, Groundnut"
2019,2019-20,Haryana,ROHTAK,16,222831.0,"Wheat, Rice, Cotton(lint), Rapeseed & Mustard, Bajra","Wheat, Rice, Cotton(lint), Rapeseed & Mustard, Bajra, Sugarcane, Jowar, Barley, Potato, Peas & beans (Pulses), Arhar/Tur, Gram, Coriander, Onion, Guar seed, Maize"
2019,2019-20,Haryana,SIRSA,21,726268.0,"Wheat, Cotton(lint), Rice, Rapeseed & Mustard, Guar seed","Wheat, Cotton(lint), Rice, Rapeseed & Mustard, Guar seed, Bajra, Gram, Castor seed, Barley, Groundnut, Potato, Moong(Green Gram), Peas & beans (Pulses), Other oilseeds, Garlic, Onion, Coriander, Moth, Jowar, Maize, Arhar/Tur"
2019,2019-20,Haryana,SONIPAT,18,296321.0,"Wheat, Rice, Sugarcane, Bajra, Jowar","Wheat, Rice, Sugarcane, Bajra, Jowar, Potato, Cotton(lint), Onion, Peas & beans (Pulses), Rapeseed & Mustard, Maize, Coriander, Arhar/Tur, Garlic, Gram, Turmeric, Moong(Green Gram), Ginger"
2019,2019-20,Haryana,YAMUNANAGAR,20,211769.0,"Wheat, Rice, Sugarcane, Potato, Onion","Wheat, Rice, Sugarcane, Potato, Onion, Turmeric, Rapeseed & Mustard, Other oilseeds, Garlic, Coriander, Peas & beans (Pulses), Masoor, Maize, Bajra, Sunflower, Urad, Gram, Horse-gram, Sesamum, Moong(Green Gram)"
2019,2019-20,Himachal Pradesh,BILASPUR,26,50758.0,"Maize, Wheat, Rice, Rapeseed & Mustard, Barley","Maize, Wheat, Rice, Rapeseed & Mustard, Barley, Ginger, Sesamum, Urad, Onion, Other Kharif pulses, Small millets, Garlic, Turmeric, Potato, Gram, Moong(Green Gram), Horse-gram, Soyabean, Bajra, Ragi, Dry chillies, Peas & beans (Pulses), Arhar/Tur, Coriander, Groundnut, Sugarcane"
2019,2019-20,Himachal Pradesh,CHAMBA,24,61124.0,"Maize, Wheat, Barley, Rice, Rapeseed & Mustard","Maize, Wheat, Barley, Rice, Rapeseed & Mustard, Other Rabi pulses, Other Kharif pulses, Small millets, Urad, Potato, Horse-gram, Garlic, Onion, Peas & beans (Pulses), Dry chillies, Sesamum, Moong(Green Gram), Ragi, Arhar/Tur, Coriander, Moth, Ginger, Masoor, Soyabean"
2019,2019-20,Himachal Pradesh,HAMIRPUR,21,65693.0,"Maize, Wheat, Rice, Barley, Rapeseed & Mustard","Maize, Wheat, Rice, Barley, Rapeseed & Mustard, Turmeric, Onion, Garlic, Small millets, Sugarcane, Urad, Other Kharif pulses, Dry chillies, Sesamum, Ginger, Gram, Horse-gram, Coriander, Potato, Bajra, Masoor"
2019,2019-20,Himachal Pradesh,KANGRA,30,186878.0,"Wheat, Maize, Rice, Rapeseed & Mustard, Barley","Wheat, Maize, Rice, Rapeseed & Mustard, Barley, Other Kharif pulses, Other Rabi pulses, Potato, Urad, Linseed, Sugarcane, Gram, Horse-gram, Onion, Small millets, Sesamum, Masoor, Bajra, Turmeric, Soyabean, Garlic, Arhar/Tur, Ginger, Peas & beans (Pulses), Cotton(lint), Moth, Coriander, Dry chillies, Moong(Green Gram), Ragi"
2019,2019-20,Himachal Pradesh,KINNAUR,9,2833.0,"Small millets, Barley, Peas & beans (Pulses), Wheat, Potato","Small millets, Barley, Peas & beans (Pulses), Wheat, Potato, Maize, Ragi, Rice, Urad"
2019,2019-20,Himachal Pradesh,KULLU,25,38721.0,"Maize, Wheat, Barley, Other Rabi pulses, Rice","Maize, Wheat, Barley, Other Rabi pulses, Rice, Potato, Other Kharif pulses, Urad, Rapeseed & Mustard, Ragi, Garlic, Peas & beans (Pulses), Small millets, Horse-gram, Onion, Ginger, Gram, Dry chillies, Masoor, Groundnut, Turmeric, Moong(Green Gram), Arhar/Tur, Coriander, Soyabean"
2019,2019-20,Himachal Pradesh,LAHUL AND SPITI,8,1774.0,"Potato, Barley, Peas & beans (Pulses), Wheat, Small millets","Potato, Barley, Peas & beans (Pulses), Wheat, Small millets, Maize, Rapeseed & Mustard, Dry chillies"
2019,2019-20,Himachal Pradesh,MANDI,25,139561.0,"Wheat, Maize, Rice, Barley, Potato","Wheat, Maize, Rice, Barley, Potato, Other Rabi pulses, Urad, Other Kharif pulses, Small millets, Ragi, Peas & beans (Pulses), Soyabean, Garlic, Rapeseed & Mustard, Linseed, Horse-gram, Masoor, Moong(Green Gram), Turmeric, Bajra, Gram, Sesamum, Coriander, Onion, Moth"
2019,2019-20,Himachal Pradesh,SHIMLA,27,29356.0,"Maize, Wheat, Barley, Potato, Other Rabi pulses","Maize, Wheat, Barley, Potato, Other Rabi pulses, Small millets, Other Kharif pulses, Urad, Rice, Ragi, Horse-gram, Rapeseed & Mustard, Garlic, Dry chillies, Ginger, Masoor, Coriander, Onion, Moong(Green Gram), Sesamum, Arhar/Tur, Groundnut, Peas & beans (Pulses), Turmeric, Gram, Soyabean, Bajra"
2019,2019-20,Himachal Pradesh,SIRMAUR,27,65931.0,"Wheat, Maize, Rice, Garlic, Barley","Wheat, Maize, Rice, Garlic, Barley, Ginger, Other Rabi pulses, Other Kharif pulses, Urad, Rapeseed & Mustard, Sugarcane, Potato, Ragi, Peas & beans (Pulses), Horse-gram, Onion, Masoor, Small millets, Gram, Turmeric, Dry chillies, Soyabean, Coriander, Sesamum, Groundnut, Arhar/Tur, Bajra"
2019,2019-20,Himachal Pradesh,SOLAN,22,58110.0,"Wheat, Maize, Rice, Barley, Urad","Wheat, Maize, Rice, Barley, Urad, Peas & beans (Pulses), Rapeseed & Mustard, Onion, Dry chillies, Horse-gram, Ginger, Potato, Sugarcane, Small millets, Garlic, Gram, Sesamum, Soyabean, Coriander, Masoor, Moong(Green Gram), Turmeric"
2019,2019-20,Himachal Pradesh,UNA,21,64607.0,"Maize, Wheat, Rice, Potato, Rapeseed & Mustard","Maize, Wheat, Rice, Potato, Rapeseed & Mustard, Sugarcane, Urad, Onion, Sesamum, Small millets, Horse-gram, Garlic, Dry chillies, Moong(Green Gram), Gram, Moth, Turmeric, Masoor, Ginger, Coriander, Peas & beans (Pulses)"
2019,2019-20,Jammu and Kashmir,ANANTNAG,11,44266.0,"Rice, Rapeseed & Mustard, Maize, Moth, Other Kharif pulses","Rice, Rapeseed & Mustard, Maize, Moth, Other Kharif pulses, Moong(Green Gram), Potato, Dry chillies, Peas & beans (Pulses), Onion, Urad"
2019,2019-20,Jammu and Kashmir,BADGAM,12,35868.0,"Rice, Maize, Rapeseed & Mustard, Wheat, Peas & beans (Pulses)","Rice, Maize, Rapeseed & Mustard, Wheat, Peas & beans (Pulses), Other Kharif pulses, Potato, Moth, Onion, Dry chillies, Moong(Green Gram), Garlic"
2019,2019-20,Jammu and Kashmir,BANDIPORA,12,18332.0,"Rice, Maize, Rapeseed & Mustard, Other Kharif pulses, Moth","Rice, Maize, Rapeseed & Mustard, Other Kharif pulses, Moth, Potato, Small millets, Peas & beans (Pulses), Moong(Green Gram), Other Cereals, Masoor, Ragi"
2019,2019-20,Jammu and Kashmir,BARAMULLA,13,42151.0,"Rice, Maize, Other Kharif pulses, Moth, Masoor","Rice, Maize, Other Kharif pulses, Moth, Masoor, Moong(Green Gram), Potato, Rapeseed & Mustard, Small millets, Urad, Other Cereals, Dry chillies, Peas & beans (Pulses)"
2019,2019-20,Jammu and Kashmir,DODA,13,35311.0,"Maize, Wheat, Barley, Rice, Other Kharif pulses","Maize, Wheat, Barley, Rice, Other Kharif pulses, Rapeseed & Mustard, Horse-gram, Urad, Potato, Peas & beans (Pulses), Onion, Other Cereals, Garlic"
2019,2019-20,Jammu and Kashmir,GANDERBAL,7,13157.0,"Rice, Maize, Rapeseed & Mustard, Potato, Onion","Rice, Maize, Rapeseed & Mustard, Potato, Onion, Small millets, Barley"
2019,2019-20,Jammu and Kashmir,JAMMU,19,142789.0,"Rice, Wheat, Maize, Other Cereals, Bajra","Rice, Wheat, Maize, Other Cereals, Bajra, Rapeseed & Mustard, Urad, Barley, Potato, Other Rabi pulses, Masoor, Other Kharif pulses, Linseed, Dry chillies, Garlic, Sugarcane, Peas & beans (Pulses), Small millets, Horse-gram"
2019,2019-20,Jammu and Kashmir,KATHUA,22,102574.0,"Wheat, Rice, Maize, Urad, Rapeseed & Mustard","Wheat, Rice, Maize, Urad, Rapeseed & Mustard, Barley, Sesamum, Bajra, Other Rabi pulses, Horse-gram, Potato, Dry chillies, Garlic, Small millets, Other Kharif pulses, Gram, Ginger, Peas & beans (Pulses), Masoor, Turmeric, Onion, Other oilseeds"
2019,2019-20,Jammu and Kashmir,KISHTWAR,14,19900.0,"Maize, Wheat, Barley, Small millets, Rice","Maize, Wheat, Barley, Small millets, Rice, Other Kharif pulses, Urad, Ragi, Potato, Peas & beans (Pulses), Rapeseed & Mustard, Horse-gram, Sugarcane, Onion"
2019,2019-20,Jammu and Kashmir,KULGAM,10,24373.0,"Rice, Rapeseed & Mustard, Maize, Other Kharif pulses, Onion","Rice, Rapeseed & Mustard, Maize, Other Kharif pulses, Onion, Potato, Peas & beans (Pulses), Dry chillies, Moong(Green Gram), Moth"
2019,2019-20,Jammu and Kashmir,KUPWARA,5,36508.0,"Maize, Rice, Potato, Small millets, Other Cereals","Maize, Rice, Potato, Small millets, Other Cereals"
2019,2019-20,Jammu and Kashmir,POONCH,10,43451.0,"Maize, Wheat, Rice, Dry chillies, Garlic","Maize, Wheat, Rice, Dry chillies, Garlic, Potato, Rapeseed & Mustard, Moth, Urad, Onion"
2019,2019-20,Jammu and Kashmir,PULWAMA,12,24649.0,"Rice, Rapeseed & Mustard, Maize, Wheat, Potato","Rice, Rapeseed & Mustard, Maize, Wheat, Potato, Other Kharif pulses, Dry chillies, Peas & beans (Pulses), Onion, Linseed, Moong(Green Gram), Moth"
2019,2019-20,Jammu and Kashmir,RAJAURI,14,100161.0,"Maize, Wheat, Rice, Rapeseed & Mustard, Bajra","Maize, Wheat, Rice, Rapeseed & Mustard, Bajra, Urad, Dry chillies, Garlic, Sesamum, Moth, Other Kharif pulses, Linseed, Masoor, Small millets"
2019,2019-20,Jammu and Kashmir,RAMBAN,7,24681.0,"Maize, Wheat, Rice, Rapeseed & Mustard, Barley","Maize, Wheat, Rice, Rapeseed & Mustard, Barley, Other Cereals, Onion"
2019,2019-20,Jammu and Kashmir,REASI,10,40667.0,"Maize, Wheat, Rice, Rapeseed & Mustard, Bajra","Maize, Wheat, Rice, Rapeseed & Mustard, Bajra, Urad, Barley, Horse-gram, Moth, Garlic"
2019,2019-20,Jammu and Kashmir,SAMBA,8,54676.0,"Wheat, Rice, Bajra, Maize, Sesamum","Wheat, Rice, Bajra, Maize, Sesamum, Urad, Rapeseed & Mustard, Barley"
2019,2019-20,Jammu and Kashmir,SHOPIAN,6,876.0,"Maize, Rapeseed & Mustard, Rice, Potato, Other Kharif pulses","Maize, Rapeseed & Mustard, Rice, Potato, Other Kharif pulses, Other Rabi pulses"
2019,2019-20,Jammu and Kashmir,SRINAGAR,10,4164.0,"Rice, Potato, Rapeseed & Mustard, Garlic, Peas & beans (Pulses)","Rice, Potato, Rapeseed & Mustard, Garlic, Peas & beans (Pulses), Dry chillies, Other Kharif pulses, Maize, Onion, Other Rabi pulses"
2019,2019-20,Jammu and Kashmir,UDHAMPUR,19,80134.0,"Wheat, Rice, Maize, Barley, Urad","Wheat, Rice, Maize, Barley, Urad, Rapeseed & Mustard, Sesamum, Bajra, Potato, Garlic, Horse-gram, Other Kharif pulses, Small millets, Ginger, Dry chillies, Moong(Green Gram), Peas & beans (Pulses), Moth, Turmeric"
2019,2019-20,Jharkhand,BOKARO,20,60387.0,"Rice, Rapeseed & Mustard, Maize, Gram, Arhar/Tur","Rice, Rapeseed & Mustard, Maize, Gram, Arhar/Tur, Wheat, Urad, Masoor, Peas & beans (Pulses), Linseed, Other Kharif pulses, Moong(Green Gram), Horse-gram, Other Rabi pulses, Groundnut, Ragi, Soyabean, Bajra, Jowar, Sesamum"
2019,2019-20,Jharkhand,CHATRA,21,107960.0,"Rice, Gram, Rapeseed & Mustard, Wheat, Maize","Rice, Gram, Rapeseed & Mustard, Wheat, Maize, Arhar/Tur, Masoor, Peas & beans (Pulses), Urad, Linseed, Other Kharif pulses, Horse-gram, Other Rabi pulses, Ragi, Moong(Green Gram), Sesamum, Groundnut, Soyabean, Niger seed, Jowar, Sunflower"
2019,2019-20,Jharkhand,DEOGHAR,17,96845.0,"Rice, Maize, Wheat, Rapeseed & Mustard, Gram","Rice, Maize, Wheat, Rapeseed & Mustard, Gram, Arhar/Tur, Peas & beans (Pulses), Masoor, Urad, Linseed, Moong(Green Gram), Other Rabi pulses, Groundnut, Other Kharif pulses, Horse-gram, Sesamum, Ragi"
2019,2019-20,Jharkhand,DHANBAD,17,55656.0,"Rice, Rapeseed & Mustard, Gram, Wheat, Maize","Rice, Rapeseed & Mustard, Gram, Wheat, Maize, Arhar/Tur, Urad, Peas & beans (Pulses), Other Rabi pulses, Horse-gram, Other Kharif pulses, Moong(Green Gram), Groundnut, Masoor, Sesamum, Linseed, Ragi"
2019,2019-20,Jharkhand,DUMKA,23,196546.0,"Rice, Maize, Rapeseed & Mustard, Wheat, Gram","Rice, Maize, Rapeseed & Mustard, Wheat, Gram, Arhar/Tur, Urad, Masoor, Linseed, Peas & beans (Pulses), Other Kharif pulses, Other Rabi pulses, Groundnut, Moong(Green Gram), Ragi, Sesamum, Horse-gram, Sunflower, Soyabean, Safflower, Jowar, Bajra, Castor seed"
2019,2019-20,Jharkhand,EAST SINGHBUM,22,133371.0,"Rice, Maize, Rapeseed & Mustard, Arhar/Tur, Gram","Rice, Maize, Rapeseed & Mustard, Arhar/Tur, Gram, Wheat, Urad, Peas & beans (Pulses), Masoor, Moong(Green Gram), Linseed, Horse-gram, Other Kharif pulses, Jowar, Groundnut, Other Rabi pulses, Niger seed, Sesamum, Soyabean, Sunflower, Safflower, Castor seed"
2019,2019-20,Jharkhand,GARHWA,15,147534.0,"Rice, Arhar/Tur, Maize, Rapeseed & Mustard, Wheat","Rice, Arhar/Tur, Maize, Rapeseed & Mustard, Wheat, Gram, Masoor, Peas & beans (Pulses), Urad, Other Rabi pulses, Groundnut, Sesamum, Other Kharif pulses, Moong(Green Gram), Linseed"
2019,2019-20,Jharkhand,GIRIDIH,23,132375.0,"Rice, Maize, Wheat, Rapeseed & Mustard, Gram","Rice, Maize, Wheat, Rapeseed & Mustard, Gram, Arhar/Tur, Urad, Peas & beans (Pulses), Horse-gram, Other Rabi pulses, Other Kharif pulses, Moong(Green Gram), Ragi, Masoor, Soyabean, Groundnut, Linseed, Sesamum, Niger seed, Jowar, Bajra, Safflower, Sunflower"
2019,2019-20,Jharkhand,GODDA,21,86888.0,"Rice, Rapeseed & Mustard, Wheat, Gram, Maize","Rice, Rapeseed & Mustard, Wheat, Gram, Maize, Arhar/Tur, Masoor, Linseed, Peas & beans (Pulses), Urad, Other Rabi pulses, Other Kharif pulses, Horse-gram, Moong(Green Gram), Groundnut, Sesamum, Ragi, Jowar, Soyabean, Castor seed, Bajra"
2019,2019-20,Jharkhand,GUMLA,18,249404.0,"Rice, Rapeseed & Mustard, Urad, Wheat, Arhar/Tur","Rice, Rapeseed & Mustard, Urad, Wheat, Arhar/Tur, Maize, Gram, Groundnut, Peas & beans (Pulses), Horse-gram, Moong(Green Gram), Ragi, Niger seed, Masoor, Linseed, Other Rabi pulses, Sesamum, Safflower"
2019,2019-20,Jharkhand,HAZARIBAGH,19,114362.0,"Rice, Rapeseed & Mustard, Wheat, Gram, Maize","Rice, Rapeseed & Mustard, Wheat, Gram, Maize, Arhar/Tur, Urad, Peas & beans (Pulses), Other Kharif pulses, Groundnut, Other Rabi pulses, Moong(Green Gram), Horse-gram, Masoor, Ragi, Niger seed, Linseed, Jowar, Bajra"
2019,2019-20,Jharkhand,JAMTARA,19,76108.0,"Rice, Rapeseed & Mustard, Maize, Wheat, Gram","Rice, Rapeseed & Mustard, Maize, Wheat, Gram, Peas & beans (Pulses), Masoor, Horse-gram, Arhar/Tur, Other Rabi pulses, Urad, Moong(Green Gram), Linseed, Jowar, Sesamum, Other Kharif pulses, Groundnut, Soyabean, Bajra"
2019,2019-20,Jharkhand,KHUNTI,17,105024.0,"Rice, Rapeseed & Mustard, Urad, Wheat, Gram","Rice, Rapeseed & Mustard, Urad, Wheat, Gram, Arhar/Tur, Peas & beans (Pulses), Ragi, Maize, Masoor, Other Rabi pulses, Groundnut, Linseed, Moong(Green Gram), Bajra, Jowar, Safflower"
2019,2019-20,Jharkhand,KODERMA,18,67369.0,"Rice, Rapeseed & Mustard, Gram, Wheat, Maize","Rice, Rapeseed & Mustard, Gram, Wheat, Maize, Arhar/Tur, Masoor, Urad, Peas & beans (Pulses), Linseed, Groundnut, Ragi, Moong(Green Gram), Horse-gram, Other Rabi pulses, Sesamum, Niger seed, Jowar"
2019,2019-20,Jharkhand,LATEHAR,17,115309.0,"Arhar/Tur, Rice, Maize, Rapeseed & Mustard, Gram","Arhar/Tur, Rice, Maize, Rapeseed & Mustard, Gram, Wheat, Urad, Masoor, Linseed, Peas & beans (Pulses), Groundnut, Other Kharif pulses, Horse-gram, Moong(Green Gram), Sesamum, Ragi, Other Rabi pulses"
2019,2019-20,Jharkhand,LOHARDAGA,17,80283.0,"Rice, Rapeseed & Mustard, Gram, Arhar/Tur, Maize","Rice, Rapeseed & Mustard, Gram, Arhar/Tur, Maize, Wheat, Urad, Peas & beans (Pulses), Groundnut, Masoor, Ragi, Moong(Green Gram), Horse-gram, Other Kharif pulses, Niger seed, Linseed, Other Rabi pulses"
2019,2019-20,Jharkhand,PAKUR,17,106932.0,"Rice, Rapeseed & Mustard, Gram, Maize, Wheat","Rice, Rapeseed & Mustard, Gram, Maize, Wheat, Arhar/Tur, Masoor, Urad, Linseed, Other Rabi pulses, Peas & beans (Pulses), Horse-gram, Sesamum, Groundnut, Jowar, Soyabean, Niger seed"
2019,2019-20,Jharkhand,PALAMU,24,167197.0,"Arhar/Tur, Rice, Maize, Wheat, Rapeseed & Mustard","Arhar/Tur, Rice, Maize, Wheat, Rapeseed & Mustard, Gram, Urad, Masoor, Linseed, Peas & beans (Pulses), Horse-gram, Moong(Green Gram), Groundnut, Ragi, Other Rabi pulses, Sesamum, Other Kharif pulses, Jowar, Niger seed, Safflower, Soyabean, Sunflower, Bajra, Castor seed"
2019,2019-20,Jharkhand,RAMGARH,19,67897.0,"Rice, Rapeseed & Mustard, Gram, Maize, Arhar/Tur","Rice, Rapeseed & Mustard, Gram, Maize, Arhar/Tur, Wheat, Urad, Peas & beans (Pulses), Groundnut, Other Rabi pulses, Masoor, Horse-gram, Moong(Green Gram), Other Kharif pulses, Jowar, Ragi, Niger seed, Linseed, Bajra"
2019,2019-20,Jharkhand,RANCHI,18,216362.0,"Rice, Wheat, Maize, Arhar/Tur, Rapeseed & Mustard","Rice, Wheat, Maize, Arhar/Tur, Rapeseed & Mustard, Gram, Peas & beans (Pulses), Urad, Ragi, Masoor, Moong(Green Gram), Groundnut, Other Kharif pulses, Horse-gram, Linseed, Other Rabi pulses, Sesamum, Soyabean"
2019,2019-20,Jharkhand,SAHEBGANJ,15,107907.0,"Rice, Rapeseed & Mustard, Wheat, Maize, Gram","Rice, Rapeseed & Mustard, Wheat, Maize, Gram, Arhar/Tur, Masoor, Urad, Linseed, Other Rabi pulses, Peas & beans (Pulses), Jowar, Groundnut, Moong(Green Gram), Bajra"
2019,2019-20,Jharkhand,SARAIKELA KHARSAWAN,21,106744.0,"Rice, Rapeseed & Mustard, Gram, Arhar/Tur, Urad","Rice, Rapeseed & Mustard, Gram, Arhar/Tur, Urad, Maize, Wheat, Moong(Green Gram), Peas & beans (Pulses), Masoor, Other Kharif pulses, Linseed, Horse-gram, Other Rabi pulses, Niger seed, Groundnut, Soyabean, Jowar, Sesamum, Bajra, Sunflower"
2019,2019-20,Jharkhand,SIMDEGA,21,190470.0,"Rice, Urad, Arhar/Tur, Rapeseed & Mustard, Gram","Rice, Urad, Arhar/Tur, Rapeseed & Mustard, Gram, Wheat, Maize, Groundnut, Linseed, Peas & beans (Pulses), Masoor, Horse-gram, Ragi, Other Kharif pulses, Other Rabi pulses, Moong(Green Gram), Sesamum, Sunflower, Safflower, Jowar, Bajra"
2019,2019-20,Jharkhand,WEST SINGHBHUM,21,216635.0,"Rice, Linseed, Gram, Urad, Rapeseed & Mustard","Rice, Linseed, Gram, Urad, Rapeseed & Mustard, Arhar/Tur, Masoor, Maize, Moong(Green Gram), Peas & beans (Pulses), Wheat, Other Rabi pulses, Other Kharif pulses, Horse-gram, Niger seed, Ragi, Groundnut, Jowar, Sesamum, Bajra, Soyabean"
2019,2019-20,Karnataka,BAGALKOTE,40,543581.0,"Sugarcane, Gram, Jowar, Maize, Arhar/Tur","Sugarcane, Gram, Jowar, Maize, Arhar/Tur, Bajra, Moong(Green Gram), Onion, Groundnut, Wheat, Sunflower, Turmeric, Cotton(lint), Cowpea(Lobia), Urad, Horse-gram, Soyabean, Safflower, Sesamum, Small millets, Coconut, Other Kharif pulses, Dry chillies, Ragi, Sannhamp, Rice, Other Rabi pulses, Linseed, Tapioca, Cashewnut, Niger seed, Potato, Sweet potato, Castor seed, Tobacco, Garlic, Arecanut, Ginger, Cardamom, Rapeseed & Mustard"
2019,2019-20,Karnataka,BALLARI,39,640632.0,"Maize, Rice, Groundnut, Cotton(lint), Jowar","Maize, Rice, Groundnut, Cotton(lint), Jowar, Bajra, Dry chillies, Ragi, Gram, Onion, Sunflower, Arhar/Tur, Small millets, Sugarcane, Cowpea(Lobia), Arecanut, Horse-gram, Coconut, Safflower, Castor seed, Moong(Green Gram), Other Kharif pulses, Tobacco, Wheat, Sesamum, Other Rabi pulses, Niger seed, Urad, Cashewnut, Soyabean, Ginger, Potato, Sannhamp, Rapeseed & Mustard, Garlic, Linseed, Mesta, Sweet potato, Turmeric"
2019,2019-20,Karnataka,BANGALORE RURAL,38,67508.0,"Ragi, Maize, Jowar, Coconut, Arecanut","Ragi, Maize, Jowar, Coconut, Arecanut, Horse-gram, Other Kharif pulses, Arhar/Tur, Potato, Rice, Cowpea(Lobia), Groundnut, Ginger, Cashewnut, Sugarcane, Gram, Other Rabi pulses, Sweet potato, Onion, Small millets, Moong(Green Gram), Castor seed, Urad, Niger seed, Tapioca, Bajra, Sunflower, Linseed, Rapeseed & Mustard, Cotton(lint), Sesamum, Turmeric, Cardamom, Sannhamp, Tobacco, Mesta, Safflower, Soyabean"
2019,2019-20,Karnataka,BELAGAVI,39,1028212.0,"Sugarcane, Maize, Jowar, Gram, Soyabean","Sugarcane, Maize, Jowar, Gram, Soyabean, Rice, Wheat, Cotton(lint), Moong(Green Gram), Groundnut, Bajra, Arhar/Tur, Sunflower, Urad, Onion, Turmeric, Tobacco, Cashewnut, Sweet potato, Other Rabi pulses, Potato, Horse-gram, Small millets, Ragi, Safflower, Other Kharif pulses, Cowpea(Lobia), Coconut, Sannhamp, Rapeseed & Mustard, Linseed, Garlic, Tapioca, Sesamum, Niger seed, Arecanut, Cardamom, Ginger, Mesta"
2019,2019-20,Karnataka,BENGALURU URBAN,39,31680.0,"Ragi, Coconut, Maize, Jowar, Other Kharif pulses","Ragi, Coconut, Maize, Jowar, Other Kharif pulses, Arhar/Tur, Horse-gram, Arecanut, Rice, Cowpea(Lobia), Potato, Groundnut, Other Rabi pulses, Ginger, Small millets, Sugarcane, Onion, Gram, Moong(Green Gram), Urad, Niger seed, Sweet potato, Rapeseed & Mustard, Bajra, Safflower, Black pepper, Castor seed, Tapioca, Tobacco, Sunflower, Sesamum, Cashewnut, Linseed, Cotton(lint), Soyabean, Turmeric, Cardamom, Garlic, Sannhamp"
2019,2019-20,Karnataka,BIDAR,37,505356.0,"Soyabean, Arhar/Tur, Gram, Jowar, Moong(Green Gram)","Soyabean, Arhar/Tur, Gram, Jowar, Moong(Green Gram), Urad, Sugarcane, Safflower, Wheat, Cotton(lint), Bajra, Ginger, Maize, Sesamum, Onion, Rice, Niger seed, Turmeric, Small millets, Groundnut, Horse-gram, Sunflower, Sannhamp, Potato, Ragi, Cashewnut, Coconut, Other Rabi pulses, Tapioca, Other Kharif pulses, Mesta, Cowpea(Lobia), Sweet potato, Linseed, Cardamom, Garlic, Rapeseed & Mustard"
2019,2019-20,Karnataka,CHAMARAJANAGARA,39,191289.0,"Horse-gram, Jowar, Maize, Sunflower, Coconut","Horse-gram, Jowar, Maize, Sunflower, Coconut, Cotton(lint), Rice, Turmeric, Sugarcane, Ragi, Groundnut, Sesamum, Onion, Urad, Gram, Moong(Green Gram), Other Kharif pulses, Cowpea(Lobia), Potato, Bajra, Arecanut, Sannhamp, Other Rabi pulses, Arhar/Tur, Castor seed, Tobacco, Garlic, Small millets, Ginger, Soyabean, Tapioca, Black pepper, Wheat, Niger seed, Safflower, Linseed, Sweet potato, Cashewnut, Cardamom"
2019,2019-20,Karnataka,CHIKKABALLAPURA,37,143683.0,"Ragi, Maize, Groundnut, Jowar, Arhar/Tur","Ragi, Maize, Groundnut, Jowar, Arhar/Tur, Horse-gram, Other Kharif pulses, Potato, Onion, Cashewnut, Coconut, Gram, Rice, Arecanut, Cowpea(Lobia), Other Rabi pulses, Small millets, Cotton(lint), Bajra, Moong(Green Gram), Linseed, Sunflower, Castor seed, Sugarcane, Ginger, Dry chillies, Urad, Rapeseed & Mustard, Sannhamp, Safflower, Tobacco, Wheat, Garlic, Sesamum, Soyabean, Sweet potato, Turmeric"
2019,2019-20,Karnataka,CHIKKAMAGALURU,39,257962.0,"Arecanut, Coconut, Black pepper, Ragi, Maize","Arecanut, Coconut, Black pepper, Ragi, Maize, Rice, Onion, Gram, Potato, Horse-gram, Jowar, Small millets, Groundnut, Cotton(lint), Other Kharif pulses, Ginger, Sunflower, Sugarcane, Dry chillies, Other Rabi pulses, Moong(Green Gram), Arhar/Tur, Cardamom, Cowpea(Lobia), Sesamum, Sweet potato, Cashewnut, Castor seed, Tobacco, Bajra, Soyabean, Turmeric, Urad, Wheat, Tapioca, Safflower, Garlic, Niger seed, Sannhamp"
2019,2019-20,Karnataka,CHITRADURGA,41,495450.0,"Groundnut, Maize, Coconut, Ragi, Arecanut","Groundnut, Maize, Coconut, Ragi, Arecanut, Gram, Onion, Small millets, Cotton(lint), Jowar, Horse-gram, Arhar/Tur, Bajra, Sunflower, Dry chillies, Other Kharif pulses, Safflower, Rice, Moong(Green Gram), Castor seed, Other Rabi pulses, Wheat, Cowpea(Lobia), Coriander, Tobacco, Sesamum, Linseed, Ginger, Cashewnut, Sugarcane, Black pepper, Soyabean, Potato, Sannhamp, Cardamom, Turmeric, Sweet potato, Urad, Garlic, Niger seed, Rapeseed & Mustard"
2019,2019-20,Karnataka,DAKSHINA KANNADA,21,159073.0,"Arecanut, Coconut, Cashewnut, Rice, Black pepper","Arecanut, Coconut, Cashewnut, Rice, Black pepper, Small millets, Bajra, Cowpea(Lobia), Sugarcane, Cardamom, Moong(Green Gram), Other Kharif pulses, Coriander, Urad, Wheat, Arhar/Tur, Jowar, Other Rabi pulses, Sweet potato, Tapioca, Tobacco"
2019,2019-20,Karnataka,DAVANGERE,38,359287.0,"Maize, Rice, Arecanut, Groundnut, Ragi","Maize, Rice, Arecanut, Groundnut, Ragi, Coconut, Gram, Onion, Jowar, Cotton(lint), Sunflower, Sugarcane, Bajra, Arhar/Tur, Small millets, Black pepper, Cowpea(Lobia), Horse-gram, Other Kharif pulses, Wheat, Tobacco, Other Rabi pulses, Ginger, Moong(Green Gram), Cashewnut, Potato, Castor seed, Dry chillies, Safflower, Sannhamp, Urad, Soyabean, Cardamom, Garlic, Niger seed, Sesamum, Turmeric, Rapeseed & Mustard"
2019,2019-20,Karnataka,DHARWAD,40,477665.0,"Cotton(lint), Gram, Maize, Moong(Green Gram), Jowar","Cotton(lint), Gram, Maize, Moong(Green Gram), Jowar, Groundnut, Soyabean, Wheat, Onion, Dry chillies, Rice, Sugarcane, Safflower, Urad, Horse-gram, Potato, Sunflower, Other Kharif pulses, Small millets, Arhar/Tur, Coriander, Coconut, Other Rabi pulses, Garlic, Cowpea(Lobia), Arecanut, Ragi, Bajra, Cashewnut, Tapioca, Niger seed, Sesamum, Sannhamp, Black pepper, Ginger, Sweet potato, Tobacco, Linseed, Rapeseed & Mustard, Turmeric"
2019,2019-20,Karnataka,GADAG,41,537414.0,"Gram, Moong(Green Gram), Maize, Jowar, Groundnut","Gram, Moong(Green Gram), Maize, Jowar, Groundnut, Cotton(lint), Onion, Sunflower, Wheat, Dry chillies, Rice, Safflower, Bajra, Sugarcane, Cowpea(Lobia), Arhar/Tur, Horse-gram, Small millets, Coconut, Garlic, Sesamum, Cashewnut, Other Kharif pulses, Urad, Ragi, Niger seed, Soyabean, Tapioca, Other Rabi pulses, Black pepper, Ginger, Arecanut, Sannhamp, Coriander, Castor seed, Linseed, Potato, Rapeseed & Mustard, Sweet potato, Tobacco, Turmeric"
2019,2019-20,Karnataka,HASSAN,40,431662.0,"Coconut, Maize, Ragi, Rice, Black pepper","Coconut, Maize, Ragi, Rice, Black pepper, Jowar, Tobacco, Arecanut, Potato, Cowpea(Lobia), Horse-gram, Ginger, Sugarcane, Other Kharif pulses, Arhar/Tur, Small millets, Gram, Cardamom, Moong(Green Gram), Groundnut, Sweet potato, Castor seed, Cotton(lint), Onion, Sesamum, Other Rabi pulses, Niger seed, Sannhamp, Urad, Bajra, Sunflower, Soyabean, Tapioca, Cashewnut, Wheat, Turmeric, Garlic, Mesta, Safflower, Linseed"
2019,2019-20,Karnataka,HAVERI,41,444079.0,"Maize, Cotton(lint), Jowar, Rice, Groundnut","Maize, Cotton(lint), Jowar, Rice, Groundnut, Arecanut, Sugarcane, Soyabean, Onion, Moong(Green Gram), Horse-gram, Sunflower, Gram, Cowpea(Lobia), Ginger, Coconut, Dry chillies, Garlic, Arhar/Tur, Small millets, Wheat, Other Rabi pulses, Safflower, Other Kharif pulses, Ragi, Urad, Cashewnut, Bajra, Black pepper, Niger seed, Sannhamp, Sesamum, Potato, Turmeric, Sweet potato, Tobacco, Linseed, Rapeseed & Mustard, Castor seed, Cardamom, Tapioca"
2019,2019-20,Karnataka,KALABURAGI,36,1101834.0,"Arhar/Tur, Cotton(lint), Jowar, Gram, Moong(Green Gram)","Arhar/Tur, Cotton(lint), Jowar, Gram, Moong(Green Gram), Urad, Soyabean, Sugarcane, Sesamum, Sunflower, Rice, Wheat, Bajra, Maize, Groundnut, Onion, Safflower, Dry chillies, Turmeric, Other Kharif pulses, Small millets, Ragi, Cowpea(Lobia), Tapioca, Horse-gram, Potato, Coconut, Ginger, Other Rabi pulses, Castor seed, Mesta, Niger seed, Sweet potato, Sannhamp, Garlic, Rapeseed & Mustard"
2019,2019-20,Karnataka,KODAGU,21,117707.0,"Black pepper, Rice, Arecanut, Coconut, Maize","Black pepper, Rice, Arecanut, Coconut, Maize, Ginger, Cardamom, Jowar, Sweet potato, Cashewnut, Tapioca, Ragi, Potato, Cowpea(Lobia), Groundnut, Other Kharif pulses, Tobacco, Arhar/Tur, Turmeric, Horse-gram, Bajra"
2019,2019-20,Karnataka,KOLAR,38,94190.0,"Ragi, Other Kharif pulses, Groundnut, Horse-gram, Jowar","Ragi, Other Kharif pulses, Groundnut, Horse-gram, Jowar, Potato, Maize, Rice, Coconut, Arhar/Tur, Small millets, Other Rabi pulses, Cowpea(Lobia), Gram, Bajra, Cashewnut, Moong(Green Gram), Onion, Sweet potato, Sugarcane, Niger seed, Soyabean, Dry chillies, Tobacco, Ginger, Urad, Arecanut, Sesamum, Sunflower, Castor seed, Rapeseed & Mustard, Cotton(lint), Tapioca, Safflower, Cardamom, Sannhamp, Turmeric, Wheat"
2019,2019-20,Karnataka,KOPPAL,36,524845.0,"Bajra, Rice, Gram, Maize, Jowar","Bajra, Rice, Gram, Maize, Jowar, Arhar/Tur, Moong(Green Gram), Groundnut, Sunflower, Onion, Cotton(lint), Sesamum, Horse-gram, Small millets, Cowpea(Lobia), Dry chillies, Sugarcane, Wheat, Safflower, Castor seed, Other Kharif pulses, Coconut, Other Rabi pulses, Ragi, Urad, Niger seed, Soyabean, Cashewnut, Sannhamp, Potato, Tapioca, Ginger, Linseed, Tobacco, Mesta, Sweet potato"
2019,2019-20,Karnataka,MANDYA,40,258424.0,"Rice, Coconut, Ragi, Sugarcane, Horse-gram","Rice, Coconut, Ragi, Sugarcane, Horse-gram, Cowpea(Lobia), Maize, Jowar, Sesamum, Arecanut, Other Kharif pulses, Urad, Moong(Green Gram), Arhar/Tur, Other Rabi pulses, Groundnut, Ginger, Onion, Small millets, Potato, Soyabean, Sunflower, Gram, Niger seed, Turmeric, Castor seed, Cardamom, Mesta, Tobacco, Bajra, Black pepper, Safflower, Cashewnut, Sweet potato, Linseed, Sannhamp, Rapeseed & Mustard, Cotton(lint), Garlic, Wheat"
2019,2019-20,Karnataka,MYSURU,39,440558.0,"Rice, Tobacco, Ragi, Cotton(lint), Horse-gram","Rice, Tobacco, Ragi, Cotton(lint), Horse-gram, Maize, Coconut, Jowar, Cowpea(Lobia), Sugarcane, Other Kharif pulses, Ginger, Urad, Other Rabi pulses, Moong(Green Gram), Arecanut, Arhar/Tur, Turmeric, Groundnut, Sesamum, Sannhamp, Gram, Sunflower, Tapioca, Small millets, Castor seed, Potato, Sweet potato, Niger seed, Black pepper, Soyabean, Onion, Bajra, Safflower, Garlic, Wheat, Linseed, Cardamom, Cashewnut"
2019,2019-20,Karnataka,RAICHUR,36,773105.0,"Rice, Cotton(lint), Arhar/Tur, Gram, Jowar","Rice, Cotton(lint), Arhar/Tur, Gram, Jowar, Bajra, Dry chillies, Groundnut, Sunflower, Onion, Maize, Small millets, Sesamum, Castor seed, Safflower, Moong(Green Gram), Sugarcane, Cowpea(Lobia), Horse-gram, Ragi, Wheat, Other Kharif pulses, Tobacco, Other Rabi pulses, Potato, Turmeric, Soyabean, Coconut, Sannhamp, Urad, Rapeseed & Mustard, Ginger, Linseed, Garlic, Mesta, Niger seed"
2019,2019-20,Karnataka,RAMANAGARA,38,114753.0,"Ragi, Coconut, Horse-gram, Maize, Arecanut","Ragi, Coconut, Horse-gram, Maize, Arecanut, Jowar, Rice, Other Kharif pulses, Arhar/Tur, Cowpea(Lobia), Groundnut, Sesamum, Sugarcane, Castor seed, Gram, Sweet potato, Other Rabi pulses, Small millets, Ginger, Cashewnut, Niger seed, Dry chillies, Moong(Green Gram), Onion, Turmeric, Potato, Urad, Cotton(lint), Bajra, Tobacco, Wheat, Cardamom, Tapioca, Safflower, Sannhamp, Soyabean, Sunflower, Rapeseed & Mustard"
2019,2019-20,Karnataka,SHIVAMOGGA,32,269405.0,"Arecanut, Rice, Maize, Coconut, Black pepper","Arecanut, Rice, Maize, Coconut, Black pepper, Ginger, Cashewnut, Sunflower, Sugarcane, Ragi, Cotton(lint), Moong(Green Gram), Jowar, Horse-gram, Groundnut, Cardamom, Cowpea(Lobia), Other Kharif pulses, Arhar/Tur, Small millets, Sannhamp, Turmeric, Urad, Bajra, Gram, Potato, Tapioca, Onion, Garlic, Linseed, Soyabean, Tobacco"
2019,2019-20,Karnataka,TUMAKURU,41,508818.0,"Coconut, Ragi, Arecanut, Groundnut, Maize","Coconut, Ragi, Arecanut, Groundnut, Maize, Horse-gram, Jowar, Arhar/Tur, Small millets, Rice, Cotton(lint), Other Kharif pulses, Onion, Cowpea(Lobia), Castor seed, Dry chillies, Moong(Green Gram), Gram, Linseed, Sugarcane, Urad, Bajra, Cashewnut, Sweet potato, Ginger, Sesamum, Black pepper, Other Rabi pulses, Cardamom, Sunflower, Safflower, Tobacco, Potato, Soyabean, Tapioca, Rapeseed & Mustard, Turmeric, Wheat, Sannhamp, Niger seed, Garlic"
2019,2019-20,Karnataka,UDUPI,25,109019.0,"Rice, Coconut, Arecanut, Cashewnut, Urad","Rice, Coconut, Arecanut, Cashewnut, Urad, Groundnut, Black pepper, Cowpea(Lobia), Moong(Green Gram), Other Rabi pulses, Sesamum, Horse-gram, Jowar, Sugarcane, Maize, Gram, Bajra, Cardamom, Turmeric, Tapioca, Other Kharif pulses, Sweet potato, Potato, Arhar/Tur, Ginger"
2019,2019-20,Karnataka,UTTARA KANNADA,31,123447.0,"Rice, Arecanut, Maize, Coconut, Sugarcane","Rice, Arecanut, Maize, Coconut, Sugarcane, Black pepper, Cashewnut, Moong(Green Gram), Horse-gram, Groundnut, Cotton(lint), Ginger, Jowar, Cowpea(Lobia), Urad, Cardamom, Other Rabi pulses, Onion, Other Kharif pulses, Ragi, Soyabean, Turmeric, Small millets, Gram, Sannhamp, Bajra, Potato, Sunflower, Sesamum, Sweet potato, Tobacco"
2019,2019-20,Karnataka,VIJAYAPURA,40,1034671.0,"Arhar/Tur, Gram, Jowar, Maize, Cotton(lint)","Arhar/Tur, Gram, Jowar, Maize, Cotton(lint), Bajra, Groundnut, Sugarcane, Wheat, Onion, Moong(Green Gram), Sunflower, Safflower, Dry chillies, Small millets, Horse-gram, Other Kharif pulses, Sesamum, Urad, Ragi, Rice, Turmeric, Cowpea(Lobia), Coconut, Coriander, Garlic, Other Rabi pulses, Soyabean, Sannhamp, Castor seed, Linseed, Niger seed, Ginger, Potato, Tobacco, Arecanut, Mesta, Rapeseed & Mustard, Sweet potato, Tapioca"
2019,2019-20,Karnataka,YADAGIRI,35,457440.0,"Cotton(lint), Rice, Arhar/Tur, Moong(Green Gram), Jowar","Cotton(lint), Rice, Arhar/Tur, Moong(Green Gram), Jowar, Bajra, Groundnut, Sunflower, Dry chillies, Onion, Gram, Sugarcane, Urad, Maize, Safflower, Small millets, Wheat, Castor seed, Sesamum, Cowpea(Lobia), Coconut, Other Kharif pulses, Other Rabi pulses, Horse-gram, Niger seed, Potato, Ragi, Tapioca, Coriander, Turmeric, Sweet potato, Soyabean, Ginger, Cashewnut, Garlic"
2019,2019-20,Kerala,ALAPPUZHA,13,81251.5,"Rice, Coconut, Tapioca, Arecanut, Cashewnut","Rice, Coconut, Tapioca, Arecanut, Cashewnut, Black pepper, Banana, Sesamum, Ginger, Turmeric, Sugarcane, Gram, Sweet potato"
2019,2019-20,Kerala,ERNAKULAM,13,62699.1,"Coconut, Banana, Tapioca, Rice, Arecanut","Coconut, Banana, Tapioca, Rice, Arecanut, Black pepper, Cashewnut, Turmeric, Ginger, Other Rabi pulses, Sugarcane, Sweet potato, Sesamum"
2019,2019-20,Kerala,IDUKKI,19,102239.0,"Black pepper, Cardamom, Coconut, Tapioca, Banana","Black pepper, Cardamom, Coconut, Tapioca, Banana, Arecanut, Cashewnut, Sugarcane, Rice, Potato, Ginger, Garlic, Turmeric, Other Rabi pulses, Ragi, Maize, Sweet potato, Other Kharif pulses, Wheat"
2019,2019-20,Kerala,KANNUR,13,132228.4,"Coconut, Cashewnut, Arecanut, Rice, Black pepper","Coconut, Cashewnut, Arecanut, Rice, Black pepper, Banana, Tapioca, Gram, Turmeric, Other Rabi pulses, Ginger, Sweet potato, Sugarcane"
2019,2019-20,Kerala,KASARAGOD,13,98300.0,"Coconut, Arecanut, Cashewnut, Black pepper, Rice","Coconut, Arecanut, Cashewnut, Black pepper, Rice, Banana, Tapioca, Sweet potato, Turmeric, Other Rabi pulses, Ginger, Gram, Tobacco"
2019,2019-20,Kerala,KOLLAM,14,71093.6,"Coconut, Tapioca, Banana, Black pepper, Rice","Coconut, Tapioca, Banana, Black pepper, Rice, Cashewnut, Arecanut, Ginger, Turmeric, Sesamum, Other Rabi pulses, Gram, Sweet potato, Sugarcane"
2019,2019-20,Kerala,KOTTAYAM,12,58461.0,"Coconut, Rice, Tapioca, Banana, Black pepper","Coconut, Rice, Tapioca, Banana, Black pepper, Arecanut, Cashewnut, Ginger, Turmeric, Cardamom, Sugarcane, Sesamum"
2019,2019-20,Kerala,KOZHIKODE,13,135480.0,"Coconut, Arecanut, Black pepper, Rice, Banana","Coconut, Arecanut, Black pepper, Rice, Banana, Cashewnut, Tapioca, Turmeric, Cardamom, Ginger, Sweet potato, Other Rabi pulses, Sugarcane"
2019,2019-20,Kerala,MALAPPURAM,15,147918.4,"Coconut, Arecanut, Rice, Banana, Tapioca","Coconut, Arecanut, Rice, Banana, Tapioca, Black pepper, Cashewnut, Turmeric, Cardamom, Sesamum, Sweet potato, Other Rabi pulses, Ginger, Gram, Sugarcane"
2019,2019-20,Kerala,PALAKKAD,24,165769.3,"Rice, Coconut, Banana, Arecanut, Cardamom","Rice, Coconut, Banana, Arecanut, Cardamom, Black pepper, Tapioca, Cashewnut, Turmeric, Arhar/Tur, Jowar, Ginger, Other Rabi pulses, Ragi, Groundnut, Maize, Other Kharif pulses, Gram, Small millets, Cotton(lint), Sweet potato, Sugarcane, Sesamum, Sunflower"
2019,2019-20,Kerala,PATHANAMTHITTA,13,31336.0,"Coconut, Tapioca, Rice, Banana, Black pepper","Coconut, Tapioca, Rice, Banana, Black pepper, Cardamom, Arecanut, Cashewnut, Ginger, Turmeric, Sugarcane, Arhar/Tur, Sesamum"
2019,2019-20,Kerala,THIRUVANANTHAPURAM,12,92048.1,"Coconut, Tapioca, Banana, Black pepper, Rice","Coconut, Tapioca, Banana, Black pepper, Rice, Arecanut, Cashewnut, Ginger, Turmeric, Gram, Sweet potato, Sesamum"
2019,2019-20,Kerala,THRISSUR,11,112187.5,"Coconut, Rice, Arecanut, Banana, Black pepper","Coconut, Rice, Arecanut, Banana, Black pepper, Cashewnut, Tapioca, Turmeric, Ginger, Sesamum, Sweet potato"
2019,2019-20,Kerala,WAYANAD,13,61211.1,"Banana, Arecanut, Black pepper, Coconut, Rice","Banana, Arecanut, Black pepper, Coconut, Rice, Cardamom, Tapioca, Ginger, Other Rabi pulses, Cashewnut, Turmeric, Sweet potato, Sesamum"
2019,2019-20,Ladakh,KARGIL,1,273.0,Other Cereals,Other Cereals
2019,2019-20,Madhya Pradesh,AGAR MALWA,25,366346.6,"Soyabean, Wheat, Coriander, Gram, Masoor","Soyabean, Wheat, Coriander, Gram, Masoor, Garlic, Urad, Onion, Rapeseed & Mustard, Maize, Potato, Moong(Green Gram), Groundnut, Jowar, Arhar/Tur, Rice, Ginger, Turmeric, Linseed, Sweet potato, Sesamum, Barley, Peas & beans (Pulses), Sugarcane, Bajra"
2019,2019-20,Madhya Pradesh,ALIRAJPUR,24,223994.7,"Urad, Soyabean, Wheat, Maize, Cotton(lint)","Urad, Soyabean, Wheat, Maize, Cotton(lint), Gram, Groundnut, Bajra, Jowar, Rice, Arhar/Tur, Moong(Green Gram), Garlic, Ginger, Turmeric, Coriander, Onion, Sweet potato, Sesamum, Small millets, Rapeseed & Mustard, Peas & beans (Pulses), Potato, Mesta"
2019,2019-20,Madhya Pradesh,ANUPPUR,30,226532.5,"Rice, Wheat, Masoor, Gram, Maize","Rice, Wheat, Masoor, Gram, Maize, Small millets, Rapeseed & Mustard, Linseed, Arhar/Tur, Soyabean, Niger seed, Urad, Peas & beans (Pulses), Onion, Potato, Ginger, Garlic, Turmeric, Sesamum, Other Rabi pulses, Coriander, Groundnut, Moong(Green Gram), Jowar, Barley, Sweet potato, Sugarcane, Mesta, Banana, Bajra"
2019,2019-20,Madhya Pradesh,ASHOKNAGAR,28,626426.0,"Soyabean, Wheat, Gram, Urad, Coriander","Soyabean, Wheat, Gram, Urad, Coriander, Rapeseed & Mustard, Masoor, Rice, Maize, Onion, Other Rabi pulses, Groundnut, Potato, Sugarcane, Peas & beans (Pulses), Garlic, Moong(Green Gram), Ginger, Turmeric, Barley, Sesamum, Jowar, Sweet potato, Arhar/Tur, Bajra, Linseed, Mesta, Niger seed"
2019,2019-20,Madhya Pradesh,BALAGHAT,27,511920.5,"Rice, Wheat, Gram, Linseed, Other Rabi pulses","Rice, Wheat, Gram, Linseed, Other Rabi pulses, Small millets, Urad, Maize, Rapeseed & Mustard, Moong(Green Gram), Sugarcane, Arhar/Tur, Potato, Peas & beans (Pulses), Masoor, Onion, Coriander, Turmeric, Ginger, Garlic, Banana, Sweet potato, Groundnut, Sesamum, Barley, Niger seed, Soyabean"
2019,2019-20,Madhya Pradesh,BARWANI,28,353416.0,"Wheat, Cotton(lint), Maize, Soyabean, Jowar","Wheat, Cotton(lint), Maize, Soyabean, Jowar, Groundnut, Gram, Bajra, Onion, Sugarcane, Moong(Green Gram), Urad, Arhar/Tur, Banana, Rice, Ginger, Garlic, Turmeric, Sweet potato, Coriander, Barley, Sesamum, Linseed, Mesta, Potato, Small millets, Peas & beans (Pulses), Rapeseed & Mustard"
2019,2019-20,Madhya Pradesh,BETUL,30,779524.5,"Wheat, Soyabean, Maize, Gram, Rice","Wheat, Soyabean, Maize, Gram, Rice, Sugarcane, Arhar/Tur, Jowar, Groundnut, Moong(Green Gram), Cotton(lint), Urad, Potato, Peas & beans (Pulses), Onion, Rapeseed & Mustard, Small millets, Masoor, Garlic, Sesamum, Ginger, Coriander, Sweet potato, Turmeric, Linseed, Bajra, Banana, Niger seed, Mesta, Other Rabi pulses"
2019,2019-20,Madhya Pradesh,BHIND,25,463268.0,"Rapeseed & Mustard, Wheat, Bajra, Rice, Sesamum","Rapeseed & Mustard, Wheat, Bajra, Rice, Sesamum, Jowar, Urad, Potato, Peas & beans (Pulses), Gram, Onion, Moong(Green Gram), Garlic, Mesta, Barley, Coriander, Masoor, Arhar/Tur, Soyabean, Groundnut, Sugarcane, Turmeric, Maize, Niger seed, Cotton(lint)"
2019,2019-20,Madhya Pradesh,BHOPAL,25,292285.0,"Wheat, Soyabean, Rice, Gram, Maize","Wheat, Soyabean, Rice, Gram, Maize, Onion, Coriander, Garlic, Urad, Potato, Turmeric, Arhar/Tur, Moong(Green Gram), Masoor, Ginger, Groundnut, Rapeseed & Mustard, Sesamum, Peas & beans (Pulses), Sugarcane, Other Rabi pulses, Jowar, Bajra, Barley, Linseed"
2019,2019-20,Madhya Pradesh,BURHANPUR,25,133685.0,"Cotton(lint), Banana, Wheat, Maize, Soyabean","Cotton(lint), Banana, Wheat, Maize, Soyabean, Gram, Jowar, Arhar/Tur, Sugarcane, Rice, Onion, Turmeric, Moong(Green Gram), Coriander, Urad, Groundnut, Ginger, Potato, Bajra, Garlic, Mesta, Sesamum, Linseed, Masoor, Niger seed"
2019,2019-20,Madhya Pradesh,CHHATARPUR,28,927525.5,"Wheat, Urad, Sesamum, Gram, Soyabean","Wheat, Urad, Sesamum, Gram, Soyabean, Groundnut, Rapeseed & Mustard, Barley, Peas & beans (Pulses), Jowar, Moong(Green Gram), Arhar/Tur, Linseed, Masoor, Coriander, Rice, Ginger, Onion, Turmeric, Potato, Maize, Garlic, Sweet potato, Sugarcane, Bajra, Banana, Mesta, Small millets"
2019,2019-20,Madhya Pradesh,CHHINDWARA,30,858085.1,"Maize, Wheat, Cotton(lint), Gram, Arhar/Tur","Maize, Wheat, Cotton(lint), Gram, Arhar/Tur, Rice, Groundnut, Potato, Small millets, Jowar, Soyabean, Urad, Peas & beans (Pulses), Garlic, Sugarcane, Ginger, Onion, Masoor, Moong(Green Gram), Rapeseed & Mustard, Sesamum, Coriander, Sweet potato, Niger seed, Mesta, Turmeric, Linseed, Bajra, Banana, Other Rabi pulses"
2019,2019-20,Madhya Pradesh,DAMOH,26,627201.0,"Wheat, Urad, Gram, Soyabean, Rice","Wheat, Urad, Gram, Soyabean, Rice, Masoor, Onion, Moong(Green Gram), Arhar/Tur, Potato, Rapeseed & Mustard, Peas & beans (Pulses), Maize, Sesamum, Garlic, Ginger, Turmeric, Linseed, Groundnut, Jowar, Sugarcane, Barley, Banana, Other Rabi pulses, Bajra, Small millets"
2019,2019-20,Madhya Pradesh,DATIA,25,418337.0,"Wheat, Urad, Rice, Sesamum, Rapeseed & Mustard","Wheat, Urad, Rice, Sesamum, Rapeseed & Mustard, Groundnut, Sugarcane, Gram, Peas & beans (Pulses), Bajra, Jowar, Moong(Green Gram), Potato, Onion, Garlic, Coriander, Barley, Sweet potato, Ginger, Soyabean, Masoor, Turmeric, Maize, Arhar/Tur, Mesta"
2019,2019-20,Madhya Pradesh,DEWAS,26,845949.0,"Soyabean, Wheat, Gram, Maize, Onion","Soyabean, Wheat, Gram, Maize, Onion, Garlic, Potato, Moong(Green Gram), Arhar/Tur, Cotton(lint), Urad, Turmeric, Peas & beans (Pulses), Groundnut, Ginger, Masoor, Coriander, Rapeseed & Mustard, Jowar, Sugarcane, Banana, Sweet potato, Linseed, Sesamum, Rice, Safflower"
2019,2019-20,Madhya Pradesh,DHAR,30,946559.0,"Wheat, Soyabean, Cotton(lint), Maize, Gram","Wheat, Soyabean, Cotton(lint), Maize, Gram, Garlic, Onion, Peas & beans (Pulses), Rice, Jowar, Moong(Green Gram), Potato, Sugarcane, Banana, Bajra, Groundnut, Urad, Coriander, Ginger, Arhar/Tur, Turmeric, Masoor, Sweet potato, Small millets, Rapeseed & Mustard, Sesamum, Linseed, Mesta, Barley, Safflower"
2019,2019-20,Madhya Pradesh,DINDORI,28,313787.0,"Rice, Wheat, Masoor, Small millets, Maize","Rice, Wheat, Masoor, Small millets, Maize, Rapeseed & Mustard, Gram, Soyabean, Urad, Peas & beans (Pulses), Linseed, Arhar/Tur, Niger seed, Moong(Green Gram), Onion, Turmeric, Coriander, Ginger, Sesamum, Potato, Groundnut, Other Rabi pulses, Jowar, Sugarcane, Mesta, Banana, Barley, Bajra"
2019,2019-20,Madhya Pradesh,GUNA,28,725317.0,"Soyabean, Wheat, Coriander, Gram, Maize","Soyabean, Wheat, Coriander, Gram, Maize, Urad, Rapeseed & Mustard, Moong(Green Gram), Rice, Garlic, Onion, Masoor, Potato, Turmeric, Sesamum, Peas & beans (Pulses), Sugarcane, Cotton(lint), Ginger, Sweet potato, Groundnut, Arhar/Tur, Jowar, Other Rabi pulses, Niger seed, Bajra, Barley, Linseed"
2019,2019-20,Madhya Pradesh,GWALIOR,27,379053.0,"Wheat, Rice, Rapeseed & Mustard, Urad, Sesamum","Wheat, Rice, Rapeseed & Mustard, Urad, Sesamum, Bajra, Jowar, Gram, Potato, Soyabean, Peas & beans (Pulses), Sugarcane, Coriander, Onion, Groundnut, Moong(Green Gram), Garlic, Maize, Ginger, Arhar/Tur, Turmeric, Barley, Sweet potato, Linseed, Masoor, Niger seed, Mesta"
2019,2019-20,Madhya Pradesh,HARDA,28,458231.0,"Soyabean, Wheat, Moong(Green Gram), Gram, Maize","Soyabean, Wheat, Moong(Green Gram), Gram, Maize, Urad, Rice, Onion, Garlic, Arhar/Tur, Ginger, Coriander, Potato, Turmeric, Rapeseed & Mustard, Sugarcane, Jowar, Cotton(lint), Peas & beans (Pulses), Sesamum, Masoor, Banana, Groundnut, Mesta, Small millets, Bajra, Barley, Linseed"
2019,2019-20,Madhya Pradesh,HOSHANGABAD,30,813176.0,"Wheat, Moong(Green Gram), Rice, Soyabean, Maize","Wheat, Moong(Green Gram), Rice, Soyabean, Maize, Gram, Urad, Arhar/Tur, Sugarcane, Sesamum, Potato, Coriander, Onion, Garlic, Rapeseed & Mustard, Ginger, Banana, Niger seed, Jowar, Sweet potato, Turmeric, Peas & beans (Pulses), Masoor, Mesta, Groundnut, Barley, Other Rabi pulses, Bajra, Linseed, Small millets"
2019,2019-20,Madhya Pradesh,INDORE,26,520307.0,"Soyabean, Wheat, Potato, Onion, Gram","Soyabean, Wheat, Potato, Onion, Gram, Garlic, Maize, Moong(Green Gram), Groundnut, Coriander, Peas & beans (Pulses), Cotton(lint), Masoor, Ginger, Arhar/Tur, Urad, Turmeric, Sweet potato, Jowar, Sugarcane, Bajra, Linseed, Rapeseed & Mustard, Mesta, Barley, Rice"
2019,2019-20,Madhya Pradesh,JABALPUR,29,535360.7,"Wheat, Rice, Urad, Gram, Moong(Green Gram)","Wheat, Rice, Urad, Gram, Moong(Green Gram), Maize, Masoor, Arhar/Tur, Small millets, Potato, Rapeseed & Mustard, Peas & beans (Pulses), Coriander, Sugarcane, Onion, Garlic, Turmeric, Ginger, Niger seed, Soyabean, Sesamum, Banana, Linseed, Jowar, Sweet potato, Groundnut, Bajra, Mesta, Cotton(lint)"
2019,2019-20,Madhya Pradesh,JHABUA,26,265843.0,"Soyabean, Wheat, Maize, Cotton(lint), Gram","Soyabean, Wheat, Maize, Cotton(lint), Gram, Rice, Groundnut, Urad, Arhar/Tur, Jowar, Onion, Garlic, Moong(Green Gram), Ginger, Turmeric, Peas & beans (Pulses), Coriander, Potato, Rapeseed & Mustard, Sesamum, Barley, Bajra, Sugarcane, Linseed, Mesta, Small millets"
2019,2019-20,Madhya Pradesh,KATNI,29,421773.9,"Wheat, Rice, Gram, Sesamum, Urad","Wheat, Rice, Gram, Sesamum, Urad, Rapeseed & Mustard, Potato, Masoor, Arhar/Tur, Onion, Coriander, Maize, Sweet potato, Ginger, Garlic, Turmeric, Moong(Green Gram), Banana, Small millets, Linseed, Peas & beans (Pulses), Barley, Sugarcane, Jowar, Cotton(lint), Soyabean, Groundnut, Bajra, Other Rabi pulses"
2019,2019-20,Madhya Pradesh,KHANDWA,28,567868.0,"Wheat, Soyabean, Cotton(lint), Gram, Maize","Wheat, Soyabean, Cotton(lint), Gram, Maize, Onion, Urad, Rice, Arhar/Tur, Moong(Green Gram), Groundnut, Ginger, Jowar, Banana, Sugarcane, Potato, Rapeseed & Mustard, Peas & beans (Pulses), Turmeric, Coriander, Garlic, Mesta, Sesamum, Small millets, Masoor, Sweet potato, Bajra, Linseed"
2019,2019-20,Madhya Pradesh,KHARGONE,25,738399.0,"Wheat, Cotton(lint), Maize, Gram, Soyabean","Wheat, Cotton(lint), Maize, Gram, Soyabean, Moong(Green Gram), Arhar/Tur, Jowar, Onion, Groundnut, Sugarcane, Banana, Urad, Coriander, Potato, Ginger, Rapeseed & Mustard, Turmeric, Rice, Garlic, Bajra, Sesamum, Linseed, Peas & beans (Pulses), Masoor"
2019,2019-20,Madhya Pradesh,MANDLA,30,365106.5,"Rice, Wheat, Masoor, Maize, Small millets","Rice, Wheat, Masoor, Maize, Small millets, Gram, Rapeseed & Mustard, Peas & beans (Pulses), Urad, Arhar/Tur, Linseed, Sugarcane, Moong(Green Gram), Other Rabi pulses, Coriander, Sesamum, Potato, Onion, Niger seed, Soyabean, Turmeric, Ginger, Mesta, Garlic, Banana, Sweet potato, Barley, Jowar, Cotton(lint), Groundnut"
2019,2019-20,Madhya Pradesh,MANDSAUR,27,681082.0,"Soyabean, Wheat, Coriander, Gram, Urad","Soyabean, Wheat, Coriander, Gram, Urad, Garlic, Linseed, Maize, Masoor, Rapeseed & Mustard, Onion, Groundnut, Moong(Green Gram), Peas & beans (Pulses), Potato, Sweet potato, Bajra, Barley, Arhar/Tur, Sesamum, Jowar, Sugarcane, Cotton(lint), Ginger, Rice, Mesta, Other Rabi pulses"
2019,2019-20,Madhya Pradesh,MORENA,27,510705.0,"Bajra, Rapeseed & Mustard, Wheat, Sesamum, Rice","Bajra, Rapeseed & Mustard, Wheat, Sesamum, Rice, Urad, Potato, Arhar/Tur, Gram, Moong(Green Gram), Soyabean, Groundnut, Onion, Peas & beans (Pulses), Garlic, Jowar, Barley, Masoor, Sweet potato, Sugarcane, Cotton(lint), Maize, Coriander, Mesta, Niger seed, Jute, Linseed"
2019,2019-20,Madhya Pradesh,NARSINGHPUR,29,556303.0,"Wheat, Gram, Sugarcane, Rice, Urad","Wheat, Gram, Sugarcane, Rice, Urad, Moong(Green Gram), Arhar/Tur, Maize, Soyabean, Masoor, Onion, Potato, Coriander, Garlic, Peas & beans (Pulses), Ginger, Sesamum, Turmeric, Small millets, Jowar, Rapeseed & Mustard, Groundnut, Banana, Other Rabi pulses, Sweet potato, Cotton(lint), Linseed, Mesta, Bajra"
2019,2019-20,Madhya Pradesh,NEEMUCH,26,337056.0,"Soyabean, Wheat, Garlic, Maize, Gram","Soyabean, Wheat, Garlic, Maize, Gram, Coriander, Groundnut, Rapeseed & Mustard, Urad, Onion, Linseed, Barley, Masoor, Rice, Peas & beans (Pulses), Cotton(lint), Jowar, Bajra, Potato, Sesamum, Moong(Green Gram), Ginger, Arhar/Tur, Turmeric, Mesta, Sugarcane"
2019,2019-20,Madhya Pradesh,NIWARI,7,81651.0,"Wheat, Gram, Rapeseed & Mustard, Barley, Peas & beans (Pulses)","Wheat, Gram, Rapeseed & Mustard, Barley, Peas & beans (Pulses), Masoor, Linseed"
2019,2019-20,Madhya Pradesh,PANNA,28,482068.0,"Wheat, Urad, Rice, Gram, Sesamum","Wheat, Urad, Rice, Gram, Sesamum, Masoor, Rapeseed & Mustard, Arhar/Tur, Jowar, Moong(Green Gram), Soyabean, Maize, Onion, Barley, Potato, Coriander, Peas & beans (Pulses), Sugarcane, Garlic, Ginger, Linseed, Banana, Groundnut, Small millets, Turmeric, Bajra, Cotton(lint), Mesta"
2019,2019-20,Madhya Pradesh,RAISEN,29,806109.0,"Wheat, Rice, Gram, Soyabean, Arhar/Tur","Wheat, Rice, Gram, Soyabean, Arhar/Tur, Masoor, Moong(Green Gram), Urad, Maize, Sugarcane, Coriander, Other Rabi pulses, Sesamum, Peas & beans (Pulses), Potato, Garlic, Onion, Linseed, Ginger, Jowar, Rapeseed & Mustard, Groundnut, Turmeric, Niger seed, Bajra, Cotton(lint), Small millets, Barley, Mesta"
2019,2019-20,Madhya Pradesh,RAJGARH,26,957971.0,"Soyabean, Wheat, Coriander, Gram, Maize","Soyabean, Wheat, Coriander, Gram, Maize, Masoor, Onion, Rapeseed & Mustard, Urad, Garlic, Potato, Moong(Green Gram), Groundnut, Arhar/Tur, Sesamum, Sweet potato, Ginger, Peas & beans (Pulses), Jowar, Barley, Bajra, Linseed, Rice, Niger seed, Mesta, Sugarcane"
2019,2019-20,Madhya Pradesh,RATLAM,27,638913.0,"Soyabean, Wheat, Gram, Garlic, Cotton(lint)","Soyabean, Wheat, Gram, Garlic, Cotton(lint), Maize, Onion, Urad, Linseed, Rapeseed & Mustard, Peas & beans (Pulses), Masoor, Moong(Green Gram), Coriander, Potato, Rice, Groundnut, Sweet potato, Arhar/Tur, Ginger, Turmeric, Sesamum, Jowar, Bajra, Barley, Sugarcane, Niger seed"
2019,2019-20,Madhya Pradesh,REWA,30,759996.0,"Wheat, Rice, Urad, Gram, Rapeseed & Mustard","Wheat, Rice, Urad, Gram, Rapeseed & Mustard, Arhar/Tur, Onion, Masoor, Coriander, Moong(Green Gram), Sesamum, Potato, Turmeric, Linseed, Jowar, Ginger, Soyabean, Garlic, Barley, Maize, Small millets, Peas & beans (Pulses), Other Rabi pulses, Banana, Bajra, Sugarcane, Cotton(lint), Mesta, Niger seed, Jute"
2019,2019-20,Madhya Pradesh,SAGAR,29,1121319.3,"Wheat, Soyabean, Urad, Gram, Masoor","Wheat, Soyabean, Urad, Gram, Masoor, Onion, Rice, Potato, Maize, Garlic, Arhar/Tur, Moong(Green Gram), Coriander, Ginger, Rapeseed & Mustard, Turmeric, Other Rabi pulses, Peas & beans (Pulses), Sesamum, Groundnut, Sweet potato, Linseed, Jowar, Sugarcane, Barley, Bajra, Niger seed, Mesta, Cotton(lint)"
2019,2019-20,Madhya Pradesh,SATNA,27,702051.6,"Wheat, Rice, Urad, Gram, Sesamum","Wheat, Rice, Urad, Gram, Sesamum, Soyabean, Arhar/Tur, Moong(Green Gram), Rapeseed & Mustard, Masoor, Onion, Barley, Potato, Jowar, Coriander, Garlic, Maize, Linseed, Ginger, Peas & beans (Pulses), Turmeric, Sugarcane, Small millets, Bajra, Mesta, Niger seed, Groundnut"
2019,2019-20,Madhya Pradesh,SEHORE,27,825869.0,"Wheat, Soyabean, Gram, Moong(Green Gram), Rice","Wheat, Soyabean, Gram, Moong(Green Gram), Rice, Maize, Onion, Garlic, Masoor, Coriander, Arhar/Tur, Urad, Potato, Groundnut, Rapeseed & Mustard, Sugarcane, Sweet potato, Peas & beans (Pulses), Sesamum, Ginger, Jowar, Turmeric, Linseed, Other Rabi pulses, Bajra, Barley, Cotton(lint)"
2019,2019-20,Madhya Pradesh,SEONI,31,728797.5,"Wheat, Maize, Rice, Gram, Masoor","Wheat, Maize, Rice, Gram, Masoor, Urad, Moong(Green Gram), Small millets, Other Rabi pulses, Peas & beans (Pulses), Arhar/Tur, Linseed, Rapeseed & Mustard, Soyabean, Potato, Groundnut, Onion, Sesamum, Ginger, Coriander, Garlic, Sugarcane, Cotton(lint), Sweet potato, Turmeric, Jowar, Mesta, Niger seed, Banana, Bajra, Jute"
2019,2019-20,Madhya Pradesh,SHAHDOL,30,271452.0,"Rice, Wheat, Arhar/Tur, Urad, Maize","Rice, Wheat, Arhar/Tur, Urad, Maize, Gram, Sesamum, Small millets, Soyabean, Rapeseed & Mustard, Linseed, Potato, Onion, Coriander, Turmeric, Garlic, Peas & beans (Pulses), Ginger, Barley, Sweet potato, Masoor, Jowar, Moong(Green Gram), Other Rabi pulses, Groundnut, Sugarcane, Banana, Niger seed, Bajra, Cotton(lint)"
2019,2019-20,Madhya Pradesh,SHAJAPUR,25,559135.0,"Soyabean, Wheat, Gram, Masoor, Onion","Soyabean, Wheat, Gram, Masoor, Onion, Potato, Garlic, Coriander, Maize, Rapeseed & Mustard, Arhar/Tur, Urad, Groundnut, Moong(Green Gram), Turmeric, Ginger, Peas & beans (Pulses), Jowar, Linseed, Sesamum, Safflower, Bajra, Sugarcane, Barley, Rice"
2019,2019-20,Madhya Pradesh,SHEOPUR,27,354546.0,"Wheat, Rice, Rapeseed & Mustard, Soyabean, Urad","Wheat, Rice, Rapeseed & Mustard, Soyabean, Urad, Sesamum, Bajra, Gram, Coriander, Groundnut, Maize, Garlic, Onion, Arhar/Tur, Cotton(lint), Moong(Green Gram), Jowar, Potato, Turmeric, Barley, Sugarcane, Peas & beans (Pulses), Masoor, Linseed, Niger seed, Mesta, Small millets"
2019,2019-20,Madhya Pradesh,SHIVPURI,27,895915.0,"Wheat, Soyabean, Urad, Groundnut, Gram","Wheat, Soyabean, Urad, Groundnut, Gram, Rice, Rapeseed & Mustard, Masoor, Sesamum, Bajra, Onion, Coriander, Maize, Garlic, Moong(Green Gram), Potato, Barley, Peas & beans (Pulses), Sugarcane, Ginger, Sweet potato, Turmeric, Jowar, Arhar/Tur, Linseed, Niger seed, Mesta"
2019,2019-20,Madhya Pradesh,SIDHI,27,301965.2,"Wheat, Rice, Arhar/Tur, Gram, Urad","Wheat, Rice, Arhar/Tur, Gram, Urad, Sesamum, Jowar, Rapeseed & Mustard, Maize, Potato, Moong(Green Gram), Linseed, Masoor, Small millets, Onion, Barley, Coriander, Garlic, Peas & beans (Pulses), Turmeric, Ginger, Banana, Other Rabi pulses, Bajra, Soyabean, Cotton(lint), Mesta"
2019,2019-20,Madhya Pradesh,SINGRAULI,31,299183.0,"Wheat, Rice, Arhar/Tur, Maize, Rapeseed & Mustard","Wheat, Rice, Arhar/Tur, Maize, Rapeseed & Mustard, Sesamum, Gram, Urad, Barley, Jowar, Potato, Small millets, Linseed, Onion, Masoor, Coriander, Peas & beans (Pulses), Ginger, Garlic, Moong(Green Gram), Turmeric, Sweet potato, Mesta, Banana, Soyabean, Groundnut, Sugarcane, Niger seed, Bajra, Cotton(lint), Jute"
2019,2019-20,Madhya Pradesh,TIKAMGARH,26,546710.0,"Urad, Wheat, Groundnut, Sesamum, Soyabean","Urad, Wheat, Groundnut, Sesamum, Soyabean, Ginger, Rapeseed & Mustard, Gram, Moong(Green Gram), Barley, Potato, Peas & beans (Pulses), Jowar, Rice, Turmeric, Onion, Sweet potato, Coriander, Masoor, Garlic, Maize, Sugarcane, Arhar/Tur, Bajra, Linseed, Niger seed"
2019,2019-20,Madhya Pradesh,UJJAIN,25,1031561.2,"Soyabean, Wheat, Gram, Garlic, Onion","Soyabean, Wheat, Gram, Garlic, Onion, Potato, Peas & beans (Pulses), Coriander, Maize, Urad, Rapeseed & Mustard, Moong(Green Gram), Masoor, Arhar/Tur, Groundnut, Turmeric, Sweet potato, Ginger, Linseed, Rice, Bajra, Barley, Jowar, Sesamum, Sugarcane"
2019,2019-20,Madhya Pradesh,UMARIA,28,197099.0,"Wheat, Rice, Gram, Arhar/Tur, Maize","Wheat, Rice, Gram, Arhar/Tur, Maize, Urad, Sesamum, Small millets, Rapeseed & Mustard, Masoor, Linseed, Turmeric, Peas & beans (Pulses), Potato, Soyabean, Coriander, Ginger, Onion, Niger seed, Garlic, Moong(Green Gram), Sweet potato, Barley, Jowar, Banana, Groundnut, Cotton(lint), Sugarcane"
2019,2019-20,Madhya Pradesh,VIDISHA,27,1066457.1,"Soyabean, Wheat, Gram, Urad, Masoor","Soyabean, Wheat, Gram, Urad, Masoor, Rice, Coriander, Moong(Green Gram), Maize, Jowar, Other Rabi pulses, Rapeseed & Mustard, Onion, Potato, Garlic, Ginger, Arhar/Tur, Peas & beans (Pulses), Turmeric, Groundnut, Sugarcane, Sesamum, Bajra, Linseed, Sweet potato, Barley, Mesta"
2019,2019-20,Maharashtra,AHMEDNAGAR,24,1211341.0,"Jowar, Cotton(lint), Bajra, Gram, Maize","Jowar, Cotton(lint), Bajra, Gram, Maize, Soyabean, Sugarcane, Wheat, Moong(Green Gram), Urad, Arhar/Tur, Rice, Groundnut, Other Kharif pulses, Other Cereals, Other Rabi pulses, Niger seed, Sesamum, Other Summer Pulses, Sunflower, Other oilseeds, Ragi, Rapeseed & Mustard, Linseed"
2019,2019-20,Maharashtra,AKOLA,17,566408.0,"Soyabean, Cotton(lint), Gram, Arhar/Tur, Wheat","Soyabean, Cotton(lint), Gram, Arhar/Tur, Wheat, Moong(Green Gram), Urad, Jowar, Groundnut, Sesamum, Maize, Other Summer Pulses, Bajra, Sunflower, Sugarcane, Safflower, Niger seed"
2019,2019-20,Maharashtra,AMRAVATI,20,821572.0,"Cotton(lint), Soyabean, Arhar/Tur, Gram, Wheat","Cotton(lint), Soyabean, Arhar/Tur, Gram, Wheat, Jowar, Moong(Green Gram), Maize, Rice, Urad, Other Summer Pulses, Groundnut, Sesamum, Other oilseeds, Rapeseed & Mustard, Other Rabi pulses, Sugarcane, Safflower, Sunflower, Bajra"
2019,2019-20,Maharashtra,AURANGABAD,23,841690.0,"Cotton(lint), Maize, Gram, Jowar, Bajra","Cotton(lint), Maize, Gram, Jowar, Bajra, Arhar/Tur, Wheat, Soyabean, Sugarcane, Other Cereals, Groundnut, Moong(Green Gram), Urad, Other oilseeds, Other Kharif pulses, Rapeseed & Mustard, Ragi, Sesamum, Safflower, Sunflower, Other Rabi pulses, Rice, Niger seed"
2019,2019-20,Maharashtra,BEED,25,1047999.0,"Cotton(lint), Soyabean, Jowar, Bajra, Arhar/Tur","Cotton(lint), Soyabean, Jowar, Bajra, Arhar/Tur, Gram, Urad, Sugarcane, Wheat, Moong(Green Gram), Maize, Other Cereals, Groundnut, Sesamum, Other Kharif pulses, Other oilseeds, Other Rabi pulses, Niger seed, Safflower, Rapeseed & Mustard, Linseed, Other Summer Pulses, Ragi, Sunflower, Rice"
2019,2019-20,Maharashtra,BHANDARA,17,255037.0,"Rice, Other Rabi pulses, Gram, Arhar/Tur, Wheat","Rice, Other Rabi pulses, Gram, Arhar/Tur, Wheat, Sugarcane, Sesamum, Other oilseeds, Rapeseed & Mustard, Soyabean, Other Summer Pulses, Moong(Green Gram), Cotton(lint), Linseed, Urad, Other Kharif pulses, Sunflower"
2019,2019-20,Maharashtra,BULDHANA,22,1039748.0,"Soyabean, Cotton(lint), Gram, Arhar/Tur, Maize","Soyabean, Cotton(lint), Gram, Arhar/Tur, Maize, Wheat, Jowar, Moong(Green Gram), Urad, Groundnut, Sunflower, Other Kharif pulses, Bajra, Other Cereals, Sesamum, Other Summer Pulses, Other oilseeds, Sugarcane, Rapeseed & Mustard, Safflower, Other Rabi pulses, Ragi"
2019,2019-20,Maharashtra,CHANDRAPUR,19,518150.0,"Cotton(lint), Rice, Soyabean, Arhar/Tur, Gram","Cotton(lint), Rice, Soyabean, Arhar/Tur, Gram, Other Rabi pulses, Wheat, Jowar, Linseed, Moong(Green Gram), Other Kharif pulses, Sesamum, Groundnut, Other oilseeds, Rapeseed & Mustard, Other Summer Pulses, Other Cereals, Urad, Maize"
2019,2019-20,Maharashtra,DHULE,21,623293.0,"Cotton(lint), Maize, Gram, Bajra, Wheat","Cotton(lint), Maize, Gram, Bajra, Wheat, Moong(Green Gram), Jowar, Groundnut, Soyabean, Arhar/Tur, Urad, Rice, Other Cereals, Other oilseeds, Other Rabi pulses, Ragi, Rapeseed & Mustard, Other Kharif pulses, Sesamum, Niger seed, Sunflower"
2019,2019-20,Maharashtra,GADCHIROLI,19,229356.0,"Rice, Other Rabi pulses, Gram, Cotton(lint), Arhar/Tur","Rice, Other Rabi pulses, Gram, Cotton(lint), Arhar/Tur, Maize, Jowar, Other oilseeds, Rapeseed & Mustard, Wheat, Linseed, Sesamum, Soyabean, Urad, Moong(Green Gram), Groundnut, Other Summer Pulses, Other Kharif pulses, Sugarcane"
2019,2019-20,Maharashtra,GONDIA,17,224560.0,"Rice, Other Rabi pulses, Gram, Arhar/Tur, Wheat","Rice, Other Rabi pulses, Gram, Arhar/Tur, Wheat, Sesamum, Linseed, Sugarcane, Maize, Other Summer Pulses, Other Kharif pulses, Other oilseeds, Rapeseed & Mustard, Urad, Moong(Green Gram), Groundnut, Cotton(lint)"
2019,2019-20,Maharashtra,HINGOLI,21,550387.0,"Soyabean, Gram, Jowar, Arhar/Tur, Cotton(lint)","Soyabean, Gram, Jowar, Arhar/Tur, Cotton(lint), Wheat, Urad, Moong(Green Gram), Sugarcane, Safflower, Maize, Groundnut, Niger seed, Other oilseeds, Other Cereals, Other Kharif pulses, Other Rabi pulses, Sesamum, Bajra, Sunflower, Other Summer Pulses"
2019,2019-20,Maharashtra,JALGAON,19,1140005.0,"Cotton(lint), Maize, Jowar, Wheat, Gram","Cotton(lint), Maize, Jowar, Wheat, Gram, Soyabean, Urad, Moong(Green Gram), Arhar/Tur, Other Cereals, Bajra, Sugarcane, Groundnut, Sesamum, Other Summer Pulses, Other Kharif pulses, Other Rabi pulses, Other oilseeds, Sunflower"
2019,2019-20,Maharashtra,JALNA,23,820328.0,"Cotton(lint), Soyabean, Jowar, Maize, Arhar/Tur","Cotton(lint), Soyabean, Jowar, Maize, Arhar/Tur, Gram, Sugarcane, Moong(Green Gram), Wheat, Bajra, Urad, Other Cereals, Groundnut, Safflower, Other Kharif pulses, Other oilseeds, Rapeseed & Mustard, Sunflower, Sesamum, Niger seed, Other Summer Pulses, Rice, Linseed"
2019,2019-20,Maharashtra,KOLHAPUR,22,404529.0,"Sugarcane, Rice, Soyabean, Groundnut, Ragi","Sugarcane, Rice, Soyabean, Groundnut, Ragi, Jowar, Maize, Gram, Wheat, Moong(Green Gram), Urad, Other Rabi pulses, Other Kharif pulses, Other Summer Pulses, Arhar/Tur, Tobacco, Niger seed, Other Cereals, Sunflower, Other oilseeds, Rapeseed & Mustard, Sesamum"
2019,2019-20,Maharashtra,LATUR,23,896040.0,"Soyabean, Gram, Arhar/Tur, Jowar, Sugarcane","Soyabean, Gram, Arhar/Tur, Jowar, Sugarcane, Moong(Green Gram), Maize, Wheat, Urad, Safflower, Cotton(lint), Sunflower, Groundnut, Sesamum, Bajra, Rice, Niger seed, Other Cereals, Other oilseeds, Rapeseed & Mustard, Linseed, Other Rabi pulses, Other Kharif pulses"
2019,2019-20,Maharashtra,MUMBAI SUBURBAN,1,1046.0,Linseed,Linseed
2019,2019-20,Maharashtra,NAGPUR,19,637182.0,"Cotton(lint), Soyabean, Wheat, Rice, Arhar/Tur","Cotton(lint), Soyabean, Wheat, Rice, Arhar/Tur, Gram, Sugarcane, Jowar, Maize, Groundnut, Moong(Green Gram), Urad, Other Rabi pulses, Other Kharif pulses, Other oilseeds, Other Cereals, Rapeseed & Mustard, Sesamum, Other Summer Pulses"
2019,2019-20,Maharashtra,NANDED,23,1056063.0,"Soyabean, Cotton(lint), Gram, Arhar/Tur, Jowar","Soyabean, Cotton(lint), Gram, Arhar/Tur, Jowar, Sugarcane, Moong(Green Gram), Urad, Wheat, Other Cereals, Groundnut, Maize, Other Rabi pulses, Other oilseeds, Rapeseed & Mustard, Safflower, Rice, Sesamum, Other Kharif pulses, Sunflower, Niger seed, Bajra, Linseed"
2019,2019-20,Maharashtra,NANDURBAR,23,415060.0,"Cotton(lint), Maize, Jowar, Gram, Rice","Cotton(lint), Maize, Jowar, Gram, Rice, Soyabean, Wheat, Arhar/Tur, Sugarcane, Urad, Other Cereals, Bajra, Groundnut, Moong(Green Gram), Other oilseeds, Sunflower, Other Summer Pulses, Other Kharif pulses, Safflower, Other Rabi pulses, Rapeseed & Mustard, Ragi, Sesamum"
2019,2019-20,Maharashtra,NASHIK,22,753030.0,"Maize, Bajra, Wheat, Rice, Soyabean","Maize, Bajra, Wheat, Rice, Soyabean, Cotton(lint), Gram, Groundnut, Ragi, Sugarcane, Other Cereals, Moong(Green Gram), Arhar/Tur, Urad, Jowar, Other Kharif pulses, Other Rabi pulses, Niger seed, Other oilseeds, Sesamum, Rapeseed & Mustard, Sunflower"
2019,2019-20,Maharashtra,OSMANABAD,24,864014.0,"Soyabean, Gram, Jowar, Arhar/Tur, Urad","Soyabean, Gram, Jowar, Arhar/Tur, Urad, Maize, Sugarcane, Cotton(lint), Wheat, Moong(Green Gram), Sunflower, Bajra, Groundnut, Safflower, Other oilseeds, Other Cereals, Sesamum, Other Kharif pulses, Rapeseed & Mustard, Other Rabi pulses, Rice, Niger seed, Linseed, Ragi"
2019,2019-20,Maharashtra,PALGHAR,13,109711.0,"Rice, Ragi, Other Cereals, Urad, Other Rabi pulses","Rice, Ragi, Other Cereals, Urad, Other Rabi pulses, Arhar/Tur, Gram, Sesamum, Other Kharif pulses, Other oilseeds, Rapeseed & Mustard, Wheat, Maize"
2019,2019-20,Maharashtra,PARBHANI,23,794617.0,"Soyabean, Cotton(lint), Jowar, Gram, Arhar/Tur","Soyabean, Cotton(lint), Jowar, Gram, Arhar/Tur, Wheat, Moong(Green Gram), Sugarcane, Urad, Maize, Safflower, Groundnut, Bajra, Sesamum, Other oilseeds, Rapeseed & Mustard, Other Cereals, Other Rabi pulses, Niger seed, Other Kharif pulses, Sunflower, Linseed, Rice"
2019,2019-20,Maharashtra,PUNE,25,616655.0,"Jowar, Sugarcane, Gram, Rice, Wheat","Jowar, Sugarcane, Gram, Rice, Wheat, Bajra, Maize, Groundnut, Soyabean, Moong(Green Gram), Other Rabi pulses, Other Kharif pulses, Other Cereals, Ragi, Arhar/Tur, Urad, Sesamum, Niger seed, Other Summer Pulses, Other oilseeds, Rapeseed & Mustard, Sunflower, Safflower, Cotton(lint), Linseed"
2019,2019-20,Maharashtra,RAIGAD,10,118060.0,"Rice, Other Rabi pulses, Ragi, Gram, Other Cereals","Rice, Other Rabi pulses, Ragi, Gram, Other Cereals, Arhar/Tur, Other oilseeds, Rapeseed & Mustard, Groundnut, Niger seed"
2019,2019-20,Maharashtra,RATNAGIRI,12,91507.0,"Rice, Ragi, Other Rabi pulses, Other Cereals, Other oilseeds","Rice, Ragi, Other Rabi pulses, Other Cereals, Other oilseeds, Rapeseed & Mustard, Gram, Groundnut, Sesamum, Maize, Other Kharif pulses, Sunflower"
2019,2019-20,Maharashtra,SANGLI,21,588064.0,"Jowar, Sugarcane, Maize, Bajra, Soyabean","Jowar, Sugarcane, Maize, Bajra, Soyabean, Groundnut, Wheat, Gram, Rice, Urad, Other Kharif pulses, Arhar/Tur, Moong(Green Gram), Other Cereals, Sunflower, Safflower, Other Rabi pulses, Cotton(lint), Other oilseeds, Linseed, Rapeseed & Mustard"
2019,2019-20,Maharashtra,SATARA,23,649129.0,"Jowar, Sugarcane, Soyabean, Bajra, Rice","Jowar, Sugarcane, Soyabean, Bajra, Rice, Other Kharif pulses, Wheat, Groundnut, Maize, Gram, Moong(Green Gram), Ragi, Urad, Arhar/Tur, Niger seed, Other Rabi pulses, Other Cereals, Sunflower, Other oilseeds, Rapeseed & Mustard, Safflower, Sesamum, Cotton(lint)"
2019,2019-20,Maharashtra,SINDHUDURG,11,72589.0,"Rice, Other Rabi pulses, Groundnut, Ragi, Other Kharif pulses","Rice, Other Rabi pulses, Groundnut, Ragi, Other Kharif pulses, Maize, Other Cereals, Other oilseeds, Rapeseed & Mustard, Sesamum, Urad"
2019,2019-20,Maharashtra,SOLAPUR,25,993947.0,"Jowar, Sugarcane, Wheat, Maize, Gram","Jowar, Sugarcane, Wheat, Maize, Gram, Arhar/Tur, Bajra, Urad, Soyabean, Moong(Green Gram), Groundnut, Sunflower, Other Kharif pulses, Rice, Safflower, Other oilseeds, Other Cereals, Cotton(lint), Sesamum, Other Rabi pulses, Rapeseed & Mustard, Ragi, Linseed, Niger seed, Other Summer Pulses"
2019,2019-20,Maharashtra,THANE,10,63080.0,"Rice, Other Rabi pulses, Ragi, Gram, Urad","Rice, Other Rabi pulses, Ragi, Gram, Urad, Other Cereals, Groundnut, Other oilseeds, Rapeseed & Mustard, Other Kharif pulses"
2019,2019-20,Maharashtra,WARDHA,14,503963.0,"Cotton(lint), Soyabean, Arhar/Tur, Gram, Wheat","Cotton(lint), Soyabean, Arhar/Tur, Gram, Wheat, Jowar, Sugarcane, Groundnut, Maize, Other oilseeds, Sesamum, Moong(Green Gram), Urad, Other Cereals"
2019,2019-20,Maharashtra,WASHIM,21,520163.0,"Soyabean, Arhar/Tur, Gram, Wheat, Cotton(lint)","Soyabean, Arhar/Tur, Gram, Wheat, Cotton(lint), Urad, Moong(Green Gram), Groundnut, Jowar, Other oilseeds, Other Kharif pulses, Other Cereals, Maize, Other Summer Pulses, Rapeseed & Mustard, Sesamum, Bajra, Sugarcane, Safflower, Niger seed, Sunflower"
2019,2019-20,Maharashtra,YAVATMAL,17,1104920.0,"Cotton(lint), Soyabean, Arhar/Tur, Gram, Wheat","Cotton(lint), Soyabean, Arhar/Tur, Gram, Wheat, Jowar, Sugarcane, Groundnut, Urad, Moong(Green Gram), Maize, Sesamum, Other Summer Pulses, Other oilseeds, Rapeseed & Mustard, Bajra, Safflower"
2019,2019-20,Meghalaya,EAST GARO HILLS,30,21802.0,"Rice, Ginger, Cotton(lint), Arecanut, Tapioca","Rice, Ginger, Cotton(lint), Arecanut, Tapioca, Banana, Maize, Small millets, Rapeseed & Mustard, Dry chillies, Gram, Sesamum, Cashewnut, Sweet potato, Peas & beans (Pulses), Cowpea(Lobia), Soyabean, Tobacco, Potato, Turmeric, Arhar/Tur, Black pepper, Jute, Sugarcane, Onion, Masoor, Mesta, Castor seed, Wheat, Coriander"
2019,2019-20,Meghalaya,EAST JAINTIA HILLS,18,5673.0,"Rice, Maize, Arecanut, Sweet potato, Banana","Rice, Maize, Arecanut, Sweet potato, Banana, Soyabean, Turmeric, Potato, Black pepper, Cowpea(Lobia), Dry chillies, Peas & beans (Pulses), Ginger, Rapeseed & Mustard, Sesamum, Tapioca, Coriander, Sugarcane"
2019,2019-20,Meghalaya,EAST KHASI HILLS,20,30073.0,"Potato, Rice, Arecanut, Maize, Banana","Potato, Rice, Arecanut, Maize, Banana, Sweet potato, Peas & beans (Pulses), Tapioca, Ginger, Soyabean, Small millets, Black pepper, Dry chillies, Turmeric, Rapeseed & Mustard, Masoor, Sesamum, Onion, Coriander, Cowpea(Lobia)"
2019,2019-20,Meghalaya,NORTH GARO HILLS,30,17286.0,"Rice, Ginger, Banana, Arecanut, Cotton(lint)","Rice, Ginger, Banana, Arecanut, Cotton(lint), Tapioca, Rapeseed & Mustard, Gram, Jute, Maize, Tobacco, Dry chillies, Cashewnut, Cowpea(Lobia), Peas & beans (Pulses), Soyabean, Small millets, Sweet potato, Sesamum, Onion, Potato, Turmeric, Arhar/Tur, Mesta, Coriander, Wheat, Black pepper, Masoor, Sugarcane, Castor seed"
2019,2019-20,Meghalaya,RI BHOI,20,14847.0,"Rice, Maize, Ginger, Banana, Soyabean","Rice, Maize, Ginger, Banana, Soyabean, Rapeseed & Mustard, Arecanut, Turmeric, Black pepper, Sweet potato, Dry chillies, Onion, Tapioca, Peas & beans (Pulses), Potato, Small millets, Cowpea(Lobia), Castor seed, Masoor, Sesamum"
2019,2019-20,Meghalaya,SOUTH GARO HILLS,28,19454.0,"Rice, Cashewnut, Maize, Mesta, Jute","Rice, Cashewnut, Maize, Mesta, Jute, Banana, Arecanut, Cowpea(Lobia), Tapioca, Dry chillies, Rapeseed & Mustard, Ginger, Small millets, Sesamum, Cotton(lint), Sweet potato, Arhar/Tur, Tobacco, Turmeric, Peas & beans (Pulses), Onion, Potato, Gram, Coriander, Black pepper, Masoor, Soyabean, Sugarcane"
2019,2019-20,Meghalaya,SOUTH WEST GARO HILLS,31,33444.0,"Rice, Rapeseed & Mustard, Jute, Cashewnut, Maize","Rice, Rapeseed & Mustard, Jute, Cashewnut, Maize, Arecanut, Mesta, Sesamum, Masoor, Tapioca, Banana, Cotton(lint), Arhar/Tur, Peas & beans (Pulses), Gram, Small millets, Potato, Wheat, Sweet potato, Ginger, Dry chillies, Tobacco, Cowpea(Lobia), Turmeric, Soyabean, Black pepper, Coriander, Onion, Castor seed, Sugarcane, Linseed"
2019,2019-20,Meghalaya,SOUTH WEST KHASI HILLS,19,7080.0,"Potato, Rice, Maize, Arecanut, Sweet potato","Potato, Rice, Maize, Arecanut, Sweet potato, Banana, Tapioca, Black pepper, Ginger, Turmeric, Small millets, Dry chillies, Onion, Coriander, Sesamum, Soyabean, Peas & beans (Pulses), Rapeseed & Mustard, Cowpea(Lobia)"
2019,2019-20,Meghalaya,WEST GARO HILLS,31,72945.0,"Rice, Rapeseed & Mustard, Arecanut, Cashewnut, Cotton(lint)","Rice, Rapeseed & Mustard, Arecanut, Cashewnut, Cotton(lint), Jute, Maize, Ginger, Mesta, Banana, Tapioca, Small millets, Sesamum, Dry chillies, Cowpea(Lobia), Gram, Peas & beans (Pulses), Masoor, Arhar/Tur, Sweet potato, Turmeric, Potato, Black pepper, Tobacco, Coriander, Wheat, Soyabean, Onion, Linseed, Sugarcane, Castor seed"
2019,2019-20,Meghalaya,WEST JAINTIA HILLS,20,17306.0,"Rice, Maize, Turmeric, Arecanut, Sweet potato","Rice, Maize, Turmeric, Arecanut, Sweet potato, Soyabean, Ginger, Banana, Small millets, Potato, Peas & beans (Pulses), Rapeseed & Mustard, Dry chillies, Cowpea(Lobia), Onion, Sesamum, Coriander, Tapioca, Black pepper, Sugarcane"
2019,2019-20,Meghalaya,WEST KHASI HILLS,22,17052.0,"Rice, Potato, Maize, Sweet potato, Arecanut","Rice, Potato, Maize, Sweet potato, Arecanut, Tapioca, Banana, Ginger, Small millets, Peas & beans (Pulses), Turmeric, Soyabean, Onion, Dry chillies, Tobacco, Sesamum, Rapeseed & Mustard, Coriander, Black pepper, Cowpea(Lobia), Sugarcane, Wheat"
2019,2019-20,Mizoram,AIZAWL,11,6939.0,"Rice, Other oilseeds, Maize, Sugarcane, Cowpea(Lobia)","Rice, Other oilseeds, Maize, Sugarcane, Cowpea(Lobia), Other Kharif pulses, Other Rabi pulses, Soyabean, Sesamum, Tobacco, Arhar/Tur"
2019,2019-20,Mizoram,CHAMPHAI,14,9747.0,"Rice, Maize, Other Rabi pulses, Tobacco, Sugarcane","Rice, Maize, Other Rabi pulses, Tobacco, Sugarcane, Soyabean, Cowpea(Lobia), Sesamum, Potato, Other Kharif pulses, Arhar/Tur, Tapioca, Rapeseed & Mustard, Onion"
2019,2019-20,Mizoram,KOLASIB,13,14884.0,"Other oilseeds, Rice, Maize, Other Rabi pulses, Rapeseed & Mustard","Other oilseeds, Rice, Maize, Other Rabi pulses, Rapeseed & Mustard, Sugarcane, Cowpea(Lobia), Soyabean, Sesamum, Arhar/Tur, Other Kharif pulses, Tapioca, Onion"
2019,2019-20,Mizoram,LAWNGTLAI,16,11924.0,"Rice, Other oilseeds, Maize, Other Rabi pulses, Sesamum","Rice, Other oilseeds, Maize, Other Rabi pulses, Sesamum, Soyabean, Other Kharif pulses, Cowpea(Lobia), Potato, Tapioca, Sugarcane, Tobacco, Arhar/Tur, Cotton(lint), Rapeseed & Mustard, Onion"
2019,2019-20,Mizoram,LUNGLEI,16,11277.3,"Other oilseeds, Rice, Maize, Other Rabi pulses, Sugarcane","Other oilseeds, Rice, Maize, Other Rabi pulses, Sugarcane, Other Kharif pulses, Cowpea(Lobia), Sesamum, Soyabean, Tobacco, Tapioca, Potato, Rapeseed & Mustard, Arhar/Tur, Cotton(lint), Onion"
2019,2019-20,Mizoram,MAMIT,11,10495.0,"Other oilseeds, Rice, Maize, Cowpea(Lobia), Other Rabi pulses","Other oilseeds, Rice, Maize, Cowpea(Lobia), Other Rabi pulses, Sesamum, Sugarcane, Soyabean, Other Kharif pulses, Rapeseed & Mustard, Potato"
2019,2019-20,Mizoram,SAIHA,8,1475.5,"Rice, Maize, Other oilseeds, Cowpea(Lobia), Soyabean","Rice, Maize, Other oilseeds, Cowpea(Lobia), Soyabean, Sesamum, Other Kharif pulses, Arhar/Tur"
2019,2019-20,Mizoram,SERCHHIP,11,10056.0,"Rice, Other oilseeds, Maize, Sugarcane, Soyabean","Rice, Other oilseeds, Maize, Sugarcane, Soyabean, Other Rabi pulses, Rapeseed & Mustard, Cowpea(Lobia), Other Kharif pulses, Arhar/Tur, Sesamum"
2019,2019-20,Nagaland,DIMAPUR,30,74022.2,"Rice, Maize, Rapeseed & Mustard, Soyabean, Sugarcane","Rice, Maize, Rapeseed & Mustard, Soyabean, Sugarcane, Linseed, Jute, Peas & beans (Pulses), Potato, Sunflower, Sesamum, Ginger, Arhar/Tur, Masoor, Wheat, Mesta, Cowpea(Lobia), Tapioca, Groundnut, Urad, Sweet potato, Moong(Green Gram), Barley, Gram, Horse-gram, Castor seed, Other Cereals, Bajra, Ragi, Cotton(lint)"
2019,2019-20,Nagaland,KIPHIRE,27,28567.0,"Rice, Maize, Other Rabi pulses, Other Kharif pulses, Rapeseed & Mustard","Rice, Maize, Other Rabi pulses, Other Kharif pulses, Rapeseed & Mustard, Soyabean, Peas & beans (Pulses), Other oilseeds, Ginger, Linseed, Sesamum, Tapioca, Potato, Sugarcane, Sweet potato, Other Cereals, Small millets, Arhar/Tur, Mesta, Groundnut, Bajra, Gram, Sunflower, Urad, Barley, Ragi, Horse-gram"
2019,2019-20,Nagaland,KOHIMA,31,35568.0,"Rice, Maize, Soyabean, Rapeseed & Mustard, Small millets","Rice, Maize, Soyabean, Rapeseed & Mustard, Small millets, Potato, Other Kharif pulses, Peas & beans (Pulses), Other Rabi pulses, Linseed, Ginger, Other oilseeds, Sesamum, Wheat, Arhar/Tur, Other Cereals, Sugarcane, Tapioca, Masoor, Sweet potato, Mesta, Bajra, Groundnut, Sunflower, Gram, Jowar, Urad, Barley, Horse-gram, Moong(Green Gram), Castor seed"
2019,2019-20,Nagaland,LONGLENG,27,19110.0,"Rice, Maize, Other Rabi pulses, Soyabean, Rapeseed & Mustard","Rice, Maize, Other Rabi pulses, Soyabean, Rapeseed & Mustard, Other Kharif pulses, Peas & beans (Pulses), Linseed, Ginger, Potato, Other oilseeds, Small millets, Tapioca, Sesamum, Sweet potato, Other Cereals, Sugarcane, Arhar/Tur, Mesta, Groundnut, Bajra, Gram, Sunflower, Urad, Barley, Horse-gram, Ragi"
2019,2019-20,Nagaland,MOKOKCHUNG,32,35149.0,"Rice, Maize, Rapeseed & Mustard, Soyabean, Peas & beans (Pulses)","Rice, Maize, Rapeseed & Mustard, Soyabean, Peas & beans (Pulses), Other Kharif pulses, Linseed, Other Rabi pulses, Potato, Tapioca, Jute, Small millets, Sesamum, Sunflower, Wheat, Sugarcane, Ginger, Arhar/Tur, Masoor, Other oilseeds, Sweet potato, Other Cereals, Groundnut, Mesta, Castor seed, Ragi, Urad, Gram, Bajra, Moong(Green Gram), Barley, Horse-gram"
2019,2019-20,Nagaland,MON,34,44972.0,"Rice, Maize, Rapeseed & Mustard, Soyabean, Peas & beans (Pulses)","Rice, Maize, Rapeseed & Mustard, Soyabean, Peas & beans (Pulses), Other Kharif pulses, Small millets, Other Rabi pulses, Jute, Linseed, Sugarcane, Potato, Ginger, Wheat, Other oilseeds, Arhar/Tur, Other Cereals, Sweet potato, Masoor, Mesta, Tapioca, Cowpea(Lobia), Sesamum, Bajra, Gram, Jowar, Urad, Groundnut, Horse-gram, Moong(Green Gram), Barley, Ragi, Sunflower, Castor seed"
2019,2019-20,Nagaland,PEREN,28,30794.0,"Rice, Maize, Rapeseed & Mustard, Soyabean, Peas & beans (Pulses)","Rice, Maize, Rapeseed & Mustard, Soyabean, Peas & beans (Pulses), Linseed, Sugarcane, Sunflower, Sesamum, Other Kharif pulses, Wheat, Ginger, Arhar/Tur, Mesta, Potato, Masoor, Tapioca, Sweet potato, Groundnut, Gram, Urad, Barley, Horse-gram, Other Cereals, Moong(Green Gram), Bajra, Castor seed, Small millets"
2019,2019-20,Nagaland,PHEK,33,42075.5,"Rice, Maize, Rapeseed & Mustard, Soyabean, Small millets","Rice, Maize, Rapeseed & Mustard, Soyabean, Small millets, Potato, Peas & beans (Pulses), Other Kharif pulses, Linseed, Other Rabi pulses, Arhar/Tur, Ginger, Other oilseeds, Wheat, Sunflower, Sesamum, Sugarcane, Mesta, Tapioca, Other Cereals, Sweet potato, Masoor, Cowpea(Lobia), Gram, Urad, Groundnut, Bajra, Barley, Horse-gram, Jowar, Moong(Green Gram), Castor seed, Cotton(lint)"
2019,2019-20,Nagaland,TUENSANG,31,45341.0,"Rice, Maize, Other Rabi pulses, Other Kharif pulses, Soyabean","Rice, Maize, Other Rabi pulses, Other Kharif pulses, Soyabean, Rapeseed & Mustard, Peas & beans (Pulses), Potato, Small millets, Sugarcane, Arhar/Tur, Linseed, Ginger, Sesamum, Wheat, Tapioca, Other oilseeds, Masoor, Sweet potato, Other Cereals, Mesta, Groundnut, Bajra, Ragi, Sunflower, Gram, Urad, Horse-gram, Barley, Moong(Green Gram), Castor seed"
2019,2019-20,Nagaland,WOKHA,33,39730.0,"Rice, Maize, Rapeseed & Mustard, Soyabean, Small millets","Rice, Maize, Rapeseed & Mustard, Soyabean, Small millets, Peas & beans (Pulses), Other Kharif pulses, Jute, Linseed, Other Rabi pulses, Potato, Sugarcane, Sesamum, Sunflower, Ginger, Wheat, Other oilseeds, Mesta, Masoor, Arhar/Tur, Tapioca, Other Cereals, Sweet potato, Groundnut, Gram, Urad, Barley, Horse-gram, Jowar, Moong(Green Gram), Bajra, Castor seed, Ragi"
2019,2019-20,Nagaland,ZUNHEBOTO,31,41587.0,"Rice, Maize, Soyabean, Rapeseed & Mustard, Other Kharif pulses","Rice, Maize, Soyabean, Rapeseed & Mustard, Other Kharif pulses, Small millets, Peas & beans (Pulses), Other Rabi pulses, Wheat, Ginger, Arhar/Tur, Linseed, Masoor, Sugarcane, Potato, Other oilseeds, Mesta, Tapioca, Sweet potato, Sesamum, Other Cereals, Groundnut, Sunflower, Bajra, Gram, Urad, Barley, Jowar, Horse-gram, Moong(Green Gram), Castor seed"
2019,2019-20,Odisha,ANUGUL,26,107455.0,"Rice, Arhar/Tur, Other Rabi pulses, Onion, Dry chillies","Rice, Arhar/Tur, Other Rabi pulses, Onion, Dry chillies, Garlic, Coriander, Other Kharif pulses, Gram, Urad, Peas & beans (Pulses), Groundnut, Sweet potato, Sesamum, Moong(Green Gram), Sunflower, Turmeric, Horse-gram, Ginger, Maize, Potato, Rapeseed & Mustard, Cotton(lint), Castor seed, Mesta, Sugarcane"
2019,2019-20,Odisha,BALANGIR,32,284301.0,"Rice, Cotton(lint), Other Rabi pulses, Arhar/Tur, Moong(Green Gram)","Rice, Cotton(lint), Other Rabi pulses, Arhar/Tur, Moong(Green Gram), Cowpea(Lobia), Onion, Dry chillies, Urad, Peas & beans (Pulses), Horse-gram, Gram, Small millets, Coriander, Sweet potato, Rapeseed & Mustard, Sunflower, Masoor, Groundnut, Garlic, Maize, Sannhamp, Mesta, Ginger, Jowar, Sesamum, Ragi, Castor seed, Potato, Linseed, Turmeric, Sugarcane"
2019,2019-20,Odisha,BALESHWAR,22,217327.0,"Rice, Dry chillies, Coriander, Onion, Garlic","Rice, Dry chillies, Coriander, Onion, Garlic, Peas & beans (Pulses), Groundnut, Ginger, Sunflower, Sweet potato, Cowpea(Lobia), Rapeseed & Mustard, Turmeric, Potato, Moong(Green Gram), Gram, Sesamum, Castor seed, Maize, Urad, Jute, Sugarcane"
2019,2019-20,Odisha,BARGARH,29,333986.0,"Rice, Moong(Green Gram), Groundnut, Other Rabi pulses, Other Kharif pulses","Rice, Moong(Green Gram), Groundnut, Other Rabi pulses, Other Kharif pulses, Cotton(lint), Cowpea(Lobia), Urad, Arhar/Tur, Peas & beans (Pulses), Dry chillies, Coriander, Rapeseed & Mustard, Onion, Sunflower, Sweet potato, Horse-gram, Gram, Ginger, Potato, Sesamum, Maize, Mesta, Wheat, Sugarcane, Garlic, Ragi, Turmeric, Sannhamp"
2019,2019-20,Odisha,BHADRAK,21,164171.0,"Rice, Dry chillies, Sunflower, Moong(Green Gram), Garlic","Rice, Dry chillies, Sunflower, Moong(Green Gram), Garlic, Sweet potato, Onion, Coriander, Urad, Ginger, Cowpea(Lobia), Turmeric, Peas & beans (Pulses), Rapeseed & Mustard, Other Rabi pulses, Sugarcane, Sesamum, Potato, Jute, Horse-gram, Maize"
2019,2019-20,Odisha,BOUDH,27,82909.0,"Rice, Arhar/Tur, Other Rabi pulses, Other Kharif pulses, Moong(Green Gram)","Rice, Arhar/Tur, Other Rabi pulses, Other Kharif pulses, Moong(Green Gram), Onion, Cotton(lint), Dry chillies, Peas & beans (Pulses), Coriander, Sweet potato, Ginger, Horse-gram, Turmeric, Gram, Urad, Garlic, Sunflower, Rapeseed & Mustard, Maize, Mesta, Small millets, Potato, Castor seed, Groundnut, Sesamum, Sugarcane"
2019,2019-20,Odisha,CUTTACK,26,176991.0,"Rice, Moong(Green Gram), Urad, Dry chillies, Horse-gram","Rice, Moong(Green Gram), Urad, Dry chillies, Horse-gram, Onion, Sugarcane, Cowpea(Lobia), Coriander, Sweet potato, Garlic, Peas & beans (Pulses), Other Rabi pulses, Groundnut, Gram, Arhar/Tur, Ginger, Potato, Sunflower, Turmeric, Other Kharif pulses, Mesta, Linseed, Jute, Castor seed, Rapeseed & Mustard"
2019,2019-20,Odisha,DEOGARH,25,60606.0,"Rice, Arhar/Tur, Dry chillies, Cowpea(Lobia), Onion","Rice, Arhar/Tur, Dry chillies, Cowpea(Lobia), Onion, Sweet potato, Coriander, Ginger, Sunflower, Moong(Green Gram), Sesamum, Potato, Maize, Turmeric, Urad, Groundnut, Garlic, Rapeseed & Mustard, Horse-gram, Gram, Peas & beans (Pulses), Mesta, Sannhamp, Jowar, Sugarcane"
2019,2019-20,Odisha,DHENKANAL,25,104116.0,"Rice, Other Rabi pulses, Arhar/Tur, Sweet potato, Moong(Green Gram)","Rice, Other Rabi pulses, Arhar/Tur, Sweet potato, Moong(Green Gram), Urad, Onion, Coriander, Turmeric, Ginger, Groundnut, Horse-gram, Peas & beans (Pulses), Gram, Castor seed, Dry chillies, Sunflower, Potato, Garlic, Sugarcane, Rapeseed & Mustard, Maize, Small millets, Mesta, Sesamum"
2019,2019-20,Odisha,GAJAPATI,29,75510.0,"Rice, Maize, Dry chillies, Arhar/Tur, Sweet potato","Rice, Maize, Dry chillies, Arhar/Tur, Sweet potato, Other Kharif pulses, Onion, Cotton(lint), Jowar, Small millets, Cowpea(Lobia), Urad, Moong(Green Gram), Sunflower, Ragi, Bajra, Turmeric, Ginger, Sesamum, Coriander, Peas & beans (Pulses), Castor seed, Horse-gram, Sannhamp, Groundnut, Garlic, Mesta, Rapeseed & Mustard, Niger seed"
2019,2019-20,Odisha,GANJAM,32,387430.0,"Rice, Moong(Green Gram), Other Kharif pulses, Arhar/Tur, Sweet potato","Rice, Moong(Green Gram), Other Kharif pulses, Arhar/Tur, Sweet potato, Other Rabi pulses, Urad, Dry chillies, Peas & beans (Pulses), Sesamum, Small millets, Groundnut, Castor seed, Onion, Horse-gram, Cotton(lint), Sunflower, Jowar, Ginger, Cowpea(Lobia), Maize, Ragi, Coriander, Gram, Sannhamp, Mesta, Sugarcane, Garlic, Turmeric, Bajra, Potato, Rapeseed & Mustard"
2019,2019-20,Odisha,JAGATSINGHAPUR,21,129694.0,"Rice, Moong(Green Gram), Dry chillies, Urad, Onion","Rice, Moong(Green Gram), Dry chillies, Urad, Onion, Garlic, Cowpea(Lobia), Sugarcane, Ginger, Coriander, Sweet potato, Horse-gram, Sunflower, Turmeric, Groundnut, Peas & beans (Pulses), Potato, Other Kharif pulses, Gram, Rapeseed & Mustard, Maize"
2019,2019-20,Odisha,JAJAPUR,21,168159.0,"Rice, Moong(Green Gram), Groundnut, Urad, Dry chillies","Rice, Moong(Green Gram), Groundnut, Urad, Dry chillies, Other Kharif pulses, Sugarcane, Horse-gram, Other Rabi pulses, Coriander, Arhar/Tur, Peas & beans (Pulses), Sweet potato, Rapeseed & Mustard, Potato, Cowpea(Lobia), Gram, Castor seed, Sunflower, Jute, Linseed"
2019,2019-20,Odisha,JHARSUGUDA,23,65365.0,"Rice, Other Kharif pulses, Cowpea(Lobia), Other Rabi pulses, Onion","Rice, Other Kharif pulses, Cowpea(Lobia), Other Rabi pulses, Onion, Dry chillies, Ginger, Peas & beans (Pulses), Arhar/Tur, Sweet potato, Garlic, Sesamum, Rapeseed & Mustard, Coriander, Gram, Sunflower, Horse-gram, Groundnut, Turmeric, Moong(Green Gram), Potato, Mesta, Maize"
2019,2019-20,Odisha,KALAHANDI,35,375283.0,"Rice, Cotton(lint), Arhar/Tur, Other Rabi pulses, Moong(Green Gram)","Rice, Cotton(lint), Arhar/Tur, Other Rabi pulses, Moong(Green Gram), Other Kharif pulses, Gram, Urad, Onion, Dry chillies, Horse-gram, Masoor, Sunflower, Small millets, Peas & beans (Pulses), Maize, Niger seed, Ragi, Groundnut, Turmeric, Linseed, Sweet potato, Castor seed, Coriander, Rapeseed & Mustard, Sannhamp, Cowpea(Lobia), Sugarcane, Mesta, Safflower, Garlic, Ginger, Jowar, Sesamum, Bajra"
2019,2019-20,Odisha,KANDHAMAL,28,78684.0,"Rice, Turmeric, Arhar/Tur, Ginger, Dry chillies","Rice, Turmeric, Arhar/Tur, Ginger, Dry chillies, Sweet potato, Cowpea(Lobia), Onion, Small millets, Cotton(lint), Peas & beans (Pulses), Maize, Coriander, Rapeseed & Mustard, Sunflower, Horse-gram, Niger seed, Other Kharif pulses, Potato, Urad, Gram, Castor seed, Jowar, Bajra, Groundnut, Mesta, Moong(Green Gram), Sannhamp"
2019,2019-20,Odisha,KENDRAPARA,24,158874.0,"Rice, Moong(Green Gram), Urad, Cowpea(Lobia), Onion","Rice, Moong(Green Gram), Urad, Cowpea(Lobia), Onion, Dry chillies, Coriander, Ginger, Sweet potato, Sugarcane, Groundnut, Peas & beans (Pulses), Potato, Horse-gram, Turmeric, Other Rabi pulses, Sunflower, Jute, Gram, Rapeseed & Mustard, Garlic, Linseed, Arhar/Tur, Sesamum"
2019,2019-20,Odisha,KENDUJHAR,32,218339.0,"Rice, Cowpea(Lobia), Dry chillies, Gram, Sweet potato","Rice, Cowpea(Lobia), Dry chillies, Gram, Sweet potato, Arhar/Tur, Peas & beans (Pulses), Linseed, Masoor, Garlic, Onion, Turmeric, Mesta, Maize, Ginger, Coriander, Sunflower, Horse-gram, Urad, Groundnut, Moong(Green Gram), Rapeseed & Mustard, Niger seed, Jowar, Sesamum, Potato, Small millets, Sugarcane, Bajra, Sannhamp, Jute, Ragi"
2019,2019-20,Odisha,KHORDHA,20,105316.0,"Rice, Moong(Green Gram), Dry chillies, Cowpea(Lobia), Garlic","Rice, Moong(Green Gram), Dry chillies, Cowpea(Lobia), Garlic, Urad, Arhar/Tur, Coriander, Onion, Ginger, Sweet potato, Sunflower, Gram, Peas & beans (Pulses), Turmeric, Groundnut, Horse-gram, Other Rabi pulses, Potato, Maize"
2019,2019-20,Odisha,KORAPUT,35,233394.0,"Rice, Ragi, Small millets, Other Kharif pulses, Niger seed","Rice, Ragi, Small millets, Other Kharif pulses, Niger seed, Peas & beans (Pulses), Arhar/Tur, Ginger, Sweet potato, Maize, Other Rabi pulses, Turmeric, Dry chillies, Sugarcane, Groundnut, Urad, Horse-gram, Cowpea(Lobia), Gram, Coriander, Onion, Cotton(lint), Potato, Castor seed, Jowar, Sunflower, Garlic, Sannhamp, Rapeseed & Mustard, Sesamum, Bajra, Moong(Green Gram), Mesta, Linseed, Safflower"
2019,2019-20,Odisha,MALKANGIRI,27,133620.0,"Rice, Sesamum, Groundnut, Ragi, Dry chillies","Rice, Sesamum, Groundnut, Ragi, Dry chillies, Sweet potato, Other Kharif pulses, Urad, Cowpea(Lobia), Arhar/Tur, Small millets, Niger seed, Horse-gram, Onion, Maize, Peas & beans (Pulses), Gram, Ginger, Turmeric, Coriander, Moong(Green Gram), Garlic, Jowar, Mesta, Castor seed, Bajra, Sunflower"
2019,2019-20,Odisha,MAYURBHANJ,32,374046.0,"Rice, Cowpea(Lobia), Other Kharif pulses, Arhar/Tur, Linseed","Rice, Cowpea(Lobia), Other Kharif pulses, Arhar/Tur, Linseed, Gram, Dry chillies, Masoor, Peas & beans (Pulses), Sweet potato, Other Rabi pulses, Coriander, Onion, Groundnut, Moong(Green Gram), Turmeric, Mesta, Ginger, Garlic, Maize, Castor seed, Urad, Rapeseed & Mustard, Sannhamp, Small millets, Sunflower, Ragi, Sesamum, Horse-gram, Potato, Wheat, Niger seed"
2019,2019-20,Odisha,NABARANGPUR,33,187002.0,"Rice, Maize, Urad, Other Rabi pulses, Horse-gram","Rice, Maize, Urad, Other Rabi pulses, Horse-gram, Gram, Linseed, Other Kharif pulses, Sugarcane, Cowpea(Lobia), Peas & beans (Pulses), Ragi, Arhar/Tur, Castor seed, Dry chillies, Onion, Small millets, Ginger, Sweet potato, Groundnut, Moong(Green Gram), Sunflower, Coriander, Safflower, Potato, Turmeric, Masoor, Mesta, Sannhamp, Jowar, Niger seed, Garlic, Wheat"
2019,2019-20,Odisha,NAYAGARH,28,111549.0,"Rice, Moong(Green Gram), Other Rabi pulses, Other Kharif pulses, Arhar/Tur","Rice, Moong(Green Gram), Other Rabi pulses, Other Kharif pulses, Arhar/Tur, Peas & beans (Pulses), Urad, Cowpea(Lobia), Mesta, Onion, Dry chillies, Gram, Linseed, Sweet potato, Coriander, Sugarcane, Turmeric, Sannhamp, Small millets, Sunflower, Garlic, Horse-gram, Castor seed, Jowar, Ginger, Rapeseed & Mustard, Maize, Groundnut"
2019,2019-20,Odisha,NUAPADA,34,150758.0,"Rice, Cotton(lint), Other Rabi pulses, Arhar/Tur, Urad","Rice, Cotton(lint), Other Rabi pulses, Arhar/Tur, Urad, Other Kharif pulses, Small millets, Moong(Green Gram), Dry chillies, Gram, Maize, Sweet potato, Horse-gram, Sesamum, Masoor, Peas & beans (Pulses), Groundnut, Onion, Castor seed, Ragi, Coriander, Sunflower, Linseed, Garlic, Mesta, Turmeric, Jowar, Sannhamp, Ginger, Bajra, Rapeseed & Mustard, Sugarcane, Potato, Wheat"
2019,2019-20,Odisha,PURI,23,155072.0,"Rice, Moong(Green Gram), Urad, Horse-gram, Groundnut","Rice, Moong(Green Gram), Urad, Horse-gram, Groundnut, Coriander, Sunflower, Sweet potato, Dry chillies, Onion, Garlic, Potato, Linseed, Sesamum, Cowpea(Lobia), Peas & beans (Pulses), Ginger, Sugarcane, Castor seed, Gram, Other Rabi pulses, Turmeric, Rapeseed & Mustard"
2019,2019-20,Odisha,RAYAGADA,33,157404.0,"Rice, Cotton(lint), Arhar/Tur, Ragi, Small millets","Rice, Cotton(lint), Arhar/Tur, Ragi, Small millets, Other Kharif pulses, Sunflower, Dry chillies, Maize, Niger seed, Urad, Sweet potato, Peas & beans (Pulses), Sannhamp, Horse-gram, Sesamum, Cowpea(Lobia), Turmeric, Other Rabi pulses, Onion, Ginger, Jowar, Garlic, Castor seed, Rapeseed & Mustard, Coriander, Bajra, Groundnut, Gram, Tobacco, Mesta, Moong(Green Gram), Potato"
2019,2019-20,Odisha,SAMBALPUR,28,149482.0,"Rice, Dry chillies, Cowpea(Lobia), Arhar/Tur, Moong(Green Gram)","Rice, Dry chillies, Cowpea(Lobia), Arhar/Tur, Moong(Green Gram), Sweet potato, Other Rabi pulses, Onion, Other Kharif pulses, Rapeseed & Mustard, Horse-gram, Sesamum, Coriander, Peas & beans (Pulses), Potato, Ginger, Urad, Turmeric, Garlic, Gram, Sunflower, Maize, Castor seed, Jowar, Mesta, Groundnut, Wheat, Ragi"
2019,2019-20,Odisha,SONEPUR,25,174449.0,"Rice, Arhar/Tur, Cotton(lint), Cowpea(Lobia), Other Rabi pulses","Rice, Arhar/Tur, Cotton(lint), Cowpea(Lobia), Other Rabi pulses, Onion, Sweet potato, Moong(Green Gram), Peas & beans (Pulses), Dry chillies, Coriander, Gram, Horse-gram, Garlic, Sunflower, Rapeseed & Mustard, Mesta, Groundnut, Urad, Sesamum, Ginger, Turmeric, Castor seed, Maize, Potato"
2019,2019-20,Odisha,SUNDARGARH,33,234296.0,"Rice, Cowpea(Lobia), Arhar/Tur, Dry chillies, Sweet potato","Rice, Cowpea(Lobia), Arhar/Tur, Dry chillies, Sweet potato, Gram, Small millets, Onion, Jowar, Peas & beans (Pulses), Ginger, Horse-gram, Masoor, Rapeseed & Mustard, Moong(Green Gram), Urad, Groundnut, Garlic, Maize, Linseed, Sesamum, Mesta, Sannhamp, Coriander, Potato, Turmeric, Castor seed, Sunflower, Sugarcane, Wheat, Ragi, Niger seed, Bajra"
2019,2019-20,Puducherry,KARAIKAL,8,6250.0,"Rice, Moong(Green Gram), Cotton(lint), Urad, Coconut","Rice, Moong(Green Gram), Cotton(lint), Urad, Coconut, Sesamum, Banana, Cashewnut"
2019,2019-20,Puducherry,MAHE,6,550.0,"Coconut, Arecanut, Banana, Black pepper, Tapioca","Coconut, Arecanut, Banana, Black pepper, Tapioca, Cashewnut"
2019,2019-20,Puducherry,PONDICHERRY,21,16827.0,"Rice, Sugarcane, Coconut, Groundnut, Banana","Rice, Sugarcane, Coconut, Groundnut, Banana, Urad, Tapioca, Sesamum, Cashewnut, Moong(Green Gram), Ragi, Other Rabi pulses, Bajra, Other Summer Pulses, Small millets, Turmeric, Dry chillies, Cotton(lint), Sweet potato, Other Kharif pulses, Onion"
2019,2019-20,Puducherry,YANAM,4,714.0,"Rice, Coconut, Moong(Green Gram), Urad","Rice, Coconut, Moong(Green Gram), Urad"
2019,2019-20,Punjab,AMRITSAR,11,385200.0,"Wheat, Rice, Sugarcane, Moong(Green Gram), Maize","Wheat, Rice, Sugarcane, Moong(Green Gram), Maize, Rapeseed & Mustard, Peas & beans (Pulses), Sesamum, Arhar/Tur, Masoor, Urad"
2019,2019-20,Punjab,BARNALA,8,232000.0,"Rice, Wheat, Cotton(lint), Moong(Green Gram), Rapeseed & Mustard","Rice, Wheat, Cotton(lint), Moong(Green Gram), Rapeseed & Mustard, Barley, Sugarcane, Maize"
2019,2019-20,Punjab,BATHINDA,8,521300.0,"Wheat, Rice, Cotton(lint), Guar seed, Rapeseed & Mustard","Wheat, Rice, Cotton(lint), Guar seed, Rapeseed & Mustard, Moong(Green Gram), Barley, Gram"
2019,2019-20,Punjab,FARIDKOT,5,234600.0,"Rice, Wheat, Cotton(lint), Moong(Green Gram), Rapeseed & Mustard","Rice, Wheat, Cotton(lint), Moong(Green Gram), Rapeseed & Mustard"
2019,2019-20,Punjab,FATEHGARH SAHIB,8,177900.0,"Rice, Wheat, Sugarcane, Sunflower, Moong(Green Gram)","Rice, Wheat, Sugarcane, Sunflower, Moong(Green Gram), Rapeseed & Mustard, Barley, Maize"
2019,2019-20,Punjab,FAZILKA,10,499600.0,"Wheat, Rice, Cotton(lint), Guar seed, Rapeseed & Mustard","Wheat, Rice, Cotton(lint), Guar seed, Rapeseed & Mustard, Sugarcane, Barley, Gram, Moong(Green Gram), Other oilseeds"
2019,2019-20,Punjab,FIROZEPUR,7,303800.0,"Wheat, Rice, Maize, Moong(Green Gram), Rapeseed & Mustard","Wheat, Rice, Maize, Moong(Green Gram), Rapeseed & Mustard, Sesamum, Peas & beans (Pulses)"
2019,2019-20,Punjab,GURDASPUR,9,382600.0,"Wheat, Rice, Sugarcane, Rapeseed & Mustard, Maize","Wheat, Rice, Sugarcane, Rapeseed & Mustard, Maize, Moong(Green Gram), Urad, Peas & beans (Pulses), Sesamum"
2019,2019-20,Punjab,HOSHIARPUR,11,305800.0,"Wheat, Rice, Maize, Sugarcane, Rapeseed & Mustard","Wheat, Rice, Maize, Sugarcane, Rapeseed & Mustard, Other oilseeds, Groundnut, Sesamum, Masoor, Moong(Green Gram), Urad"
2019,2019-20,Punjab,JALANDHAR,9,365700.0,"Rice, Wheat, Sugarcane, Maize, Rapeseed & Mustard","Rice, Wheat, Sugarcane, Maize, Rapeseed & Mustard, Moong(Green Gram), Arhar/Tur, Peas & beans (Pulses), Sesamum"
2019,2019-20,Punjab,KAPURTHALA,6,234700.0,"Rice, Wheat, Sugarcane, Maize, Rapeseed & Mustard","Rice, Wheat, Sugarcane, Maize, Rapeseed & Mustard, Moong(Green Gram)"
2019,2019-20,Punjab,LUDHIANA,10,520500.0,"Rice, Wheat, Moong(Green Gram), Sugarcane, Rapeseed & Mustard","Rice, Wheat, Moong(Green Gram), Sugarcane, Rapeseed & Mustard, Barley, Maize, Arhar/Tur, Peas & beans (Pulses), Sunflower"
2019,2019-20,Punjab,MANSA,10,349300.0,"Wheat, Rice, Cotton(lint), Guar seed, Rapeseed & Mustard","Wheat, Rice, Cotton(lint), Guar seed, Rapeseed & Mustard, Moong(Green Gram), Bajra, Barley, Gram, Maize"
2019,2019-20,Punjab,MOGA,9,362700.0,"Rice, Wheat, Moong(Green Gram), Rapeseed & Mustard, Barley","Rice, Wheat, Moong(Green Gram), Rapeseed & Mustard, Barley, Maize, Arhar/Tur, Bajra, Cotton(lint)"
2019,2019-20,Punjab,MUKTSAR,8,432600.0,"Wheat, Rice, Cotton(lint), Moong(Green Gram), Guar seed","Wheat, Rice, Cotton(lint), Moong(Green Gram), Guar seed, Rapeseed & Mustard, Sugarcane, Barley"
2019,2019-20,Punjab,PATHANKOT,7,83400.0,"Wheat, Rice, Maize, Sugarcane, Urad","Wheat, Rice, Maize, Sugarcane, Urad, Rapeseed & Mustard, Sesamum"
2019,2019-20,Punjab,PATIALA,9,474200.0,"Rice, Wheat, Sugarcane, Sunflower, Maize","Rice, Wheat, Sugarcane, Sunflower, Maize, Rapeseed & Mustard, Moong(Green Gram), Barley, Cotton(lint)"
2019,2019-20,Punjab,RUPNAGAR,9,134800.0,"Wheat, Rice, Maize, Sugarcane, Rapeseed & Mustard","Wheat, Rice, Maize, Sugarcane, Rapeseed & Mustard, Moong(Green Gram), Other oilseeds, Barley, Sesamum"
2019,2019-20,Punjab,S NAGAR,13,91300.0,"Wheat, Rice, Maize, Sugarcane, Moong(Green Gram)","Wheat, Rice, Maize, Sugarcane, Moong(Green Gram), Rapeseed & Mustard, Sunflower, Masoor, Other oilseeds, Urad, Arhar/Tur, Barley, Gram"
2019,2019-20,Punjab,SANGRUR,10,590800.0,"Wheat, Rice, Cotton(lint), Sugarcane, Moong(Green Gram)","Wheat, Rice, Cotton(lint), Sugarcane, Moong(Green Gram), Barley, Rapeseed & Mustard, Peas & beans (Pulses), Arhar/Tur, Maize"
2019,2019-20,Punjab,SHAHID BHAGAT SINGH NAGAR,8,152500.0,"Wheat, Rice, Maize, Sugarcane, Rapeseed & Mustard","Wheat, Rice, Maize, Sugarcane, Rapeseed & Mustard, Other oilseeds, Moong(Green Gram), Sunflower"
2019,2019-20,Punjab,TARN TARAN,9,375600.0,"Wheat, Rice, Moong(Green Gram), Sesamum, Rapeseed & Mustard","Wheat, Rice, Moong(Green Gram), Sesamum, Rapeseed & Mustard, Sugarcane, Arhar/Tur, Maize, Peas & beans (Pulses)"
2019,2019-20,Rajasthan,AJMER,30,745642.0,"Gram, Jowar, Moong(Green Gram), Wheat, Bajra","Gram, Jowar, Moong(Green Gram), Wheat, Bajra, Rapeseed & Mustard, Urad, Barley, Maize, Guar seed, Sesamum, Cotton(lint), Other oilseeds, Groundnut, Onion, Peas & beans (Pulses), Castor seed, Other Kharif pulses, Other Rabi pulses, Coriander, Dry chillies, Moth, Potato, Masoor, Garlic, Linseed, Rice, Soyabean, Sugarcane, Sweet potato"
2019,2019-20,Rajasthan,ALWAR,24,860458.0,"Bajra, Rapeseed & Mustard, Wheat, Cotton(lint), Jowar","Bajra, Rapeseed & Mustard, Wheat, Cotton(lint), Jowar, Gram, Guar seed, Onion, Barley, Maize, Other oilseeds, Sesamum, Peas & beans (Pulses), Groundnut, Dry chillies, Arhar/Tur, Rice, Tobacco, Masoor, Sannhamp, Moong(Green Gram), Sugarcane, Castor seed, Potato"
2019,2019-20,Rajasthan,BANSWARA,27,371955.0,"Maize, Wheat, Soyabean, Rice, Gram","Maize, Wheat, Soyabean, Rice, Gram, Cotton(lint), Urad, Arhar/Tur, Small millets, Barley, Groundnut, Other Rabi pulses, Jowar, Guar seed, Dry chillies, Bajra, Sesamum, Sannhamp, Sugarcane, Onion, Masoor, Castor seed, Moong(Green Gram), Rapeseed & Mustard, Other Kharif pulses, Potato, Peas & beans (Pulses)"
2019,2019-20,Rajasthan,BARAN,26,667682.0,"Soyabean, Wheat, Rapeseed & Mustard, Urad, Gram","Soyabean, Wheat, Rapeseed & Mustard, Urad, Gram, Garlic, Rice, Maize, Coriander, Jowar, Bajra, Sesamum, Groundnut, Barley, Onion, Potato, Other Rabi pulses, Dry chillies, Peas & beans (Pulses), Linseed, Moong(Green Gram), Turmeric, Masoor, Other oilseeds, Sugarcane, Sweet potato"
2019,2019-20,Rajasthan,BARMER,20,1572903.0,"Bajra, Guar seed, Moth, Moong(Green Gram), Castor seed","Bajra, Guar seed, Moth, Moong(Green Gram), Castor seed, Other oilseeds, Rapeseed & Mustard, Wheat, Jowar, Sesamum, Groundnut, Gram, Onion, Sweet potato, Linseed, Barley, Maize, Dry chillies, Coriander, Other Kharif pulses"
2019,2019-20,Rajasthan,BHARATPUR,30,573240.0,"Rapeseed & Mustard, Bajra, Wheat, Jowar, Cotton(lint)","Rapeseed & Mustard, Bajra, Wheat, Jowar, Cotton(lint), Guar seed, Gram, Sesamum, Potato, Barley, Rice, Masoor, Other oilseeds, Dry chillies, Sannhamp, Moong(Green Gram), Peas & beans (Pulses), Urad, Moth, Garlic, Arhar/Tur, Sweet potato, Onion, Castor seed, Groundnut, Coriander, Other Rabi pulses, Linseed, Maize, Sugarcane"
2019,2019-20,Rajasthan,BHILWARA,33,687533.0,"Maize, Wheat, Gram, Jowar, Urad","Maize, Wheat, Gram, Jowar, Urad, Cotton(lint), Rapeseed & Mustard, Barley, Moong(Green Gram), Groundnut, Sesamum, Guar seed, Soyabean, Masoor, Bajra, Other oilseeds, Dry chillies, Other Kharif pulses, Rice, Garlic, Peas & beans (Pulses), Castor seed, Other Rabi pulses, Sannhamp, Linseed, Onion, Sugarcane, Turmeric, Coriander, Moth, Arhar/Tur, Potato, Tobacco"
2019,2019-20,Rajasthan,BIKANER,24,2094545.0,"Guar seed, Moth, Groundnut, Gram, Rapeseed & Mustard","Guar seed, Moth, Groundnut, Gram, Rapeseed & Mustard, Other oilseeds, Wheat, Bajra, Moong(Green Gram), Cotton(lint), Sesamum, Barley, Castor seed, Onion, Jowar, Coriander, Peas & beans (Pulses), Small millets, Potato, Masoor, Garlic, Dry chillies, Other Kharif pulses, Sugarcane"
2019,2019-20,Rajasthan,BUNDI,30,494815.0,"Wheat, Urad, Rice, Soyabean, Rapeseed & Mustard","Wheat, Urad, Rice, Soyabean, Rapeseed & Mustard, Maize, Gram, Barley, Garlic, Bajra, Sesamum, Masoor, Jowar, Peas & beans (Pulses), Groundnut, Sugarcane, Coriander, Guar seed, Sweet potato, Other oilseeds, Turmeric, Cotton(lint), Dry chillies, Potato, Linseed, Moong(Green Gram), Other Rabi pulses, Onion, Arhar/Tur, Castor seed"
2019,2019-20,Rajasthan,CHITTORGARH,31,561387.0,"Wheat, Maize, Soyabean, Gram, Groundnut","Wheat, Maize, Soyabean, Gram, Groundnut, Jowar, Rapeseed & Mustard, Cotton(lint), Urad, Barley, Garlic, Guar seed, Coriander, Rice, Sesamum, Sugarcane, Moong(Green Gram), Other oilseeds, Onion, Linseed, Masoor, Peas & beans (Pulses), Bajra, Other Rabi pulses, Dry chillies, Sannhamp, Sweet potato, Potato, Other Kharif pulses, Arhar/Tur, Castor seed"
2019,2019-20,Rajasthan,CHURU,22,1703671.0,"Gram, Moong(Green Gram), Moth, Bajra, Guar seed","Gram, Moong(Green Gram), Moth, Bajra, Guar seed, Rapeseed & Mustard, Groundnut, Other oilseeds, Wheat, Barley, Cotton(lint), Sesamum, Other Kharif pulses, Onion, Castor seed, Coriander, Jowar, Linseed, Urad, Dry chillies, Peas & beans (Pulses), Potato"
2019,2019-20,Rajasthan,DAUSA,22,355397.0,"Bajra, Wheat, Rapeseed & Mustard, Gram, Groundnut","Bajra, Wheat, Rapeseed & Mustard, Gram, Groundnut, Guar seed, Sesamum, Barley, Jowar, Other oilseeds, Maize, Peas & beans (Pulses), Onion, Urad, Moong(Green Gram), Tobacco, Potato, Moth, Other Kharif pulses, Cotton(lint), Coriander, Other Rabi pulses"
2019,2019-20,Rajasthan,DHOLPUR,26,240822.0,"Bajra, Rapeseed & Mustard, Wheat, Potato, Sesamum","Bajra, Rapeseed & Mustard, Wheat, Potato, Sesamum, Gram, Rice, Barley, Guar seed, Jowar, Arhar/Tur, Dry chillies, Urad, Moong(Green Gram), Peas & beans (Pulses), Groundnut, Other oilseeds, Cotton(lint), Sweet potato, Sannhamp, Onion, Garlic, Sugarcane, Other Rabi pulses, Masoor, Tobacco"
2019,2019-20,Rajasthan,DUNGARPUR,27,207611.0,"Wheat, Maize, Soyabean, Rice, Gram","Wheat, Maize, Soyabean, Rice, Gram, Urad, Small millets, Arhar/Tur, Barley, Sesamum, Guar seed, Cotton(lint), Other Rabi pulses, Jowar, Bajra, Rapeseed & Mustard, Castor seed, Dry chillies, Other Kharif pulses, Moth, Ginger, Groundnut, Moong(Green Gram), Onion, Garlic, Sugarcane, Turmeric"
2019,2019-20,Rajasthan,GANGANAGAR,25,1271884.0,"Wheat, Guar seed, Rapeseed & Mustard, Cotton(lint), Gram","Wheat, Guar seed, Rapeseed & Mustard, Cotton(lint), Gram, Moong(Green Gram), Barley, Other oilseeds, Rice, Groundnut, Bajra, Sesamum, Moth, Sugarcane, Castor seed, Potato, Urad, Jowar, Peas & beans (Pulses), Onion, Linseed, Garlic, Maize, Arhar/Tur, Dry chillies"
2019,2019-20,Rajasthan,HANUMANGARH,25,1476371.0,"Guar seed, Wheat, Gram, Cotton(lint), Rapeseed & Mustard","Guar seed, Wheat, Gram, Cotton(lint), Rapeseed & Mustard, Other oilseeds, Moth, Moong(Green Gram), Rice, Bajra, Barley, Groundnut, Castor seed, Sesamum, Potato, Peas & beans (Pulses), Linseed, Onion, Sugarcane, Garlic, Maize, Urad, Dry chillies, Other Kharif pulses, Arhar/Tur"
2019,2019-20,Rajasthan,JAIPUR,28,999119.0,"Bajra, Wheat, Gram, Moong(Green Gram), Rapeseed & Mustard","Bajra, Wheat, Gram, Moong(Green Gram), Rapeseed & Mustard, Barley, Guar seed, Groundnut, Jowar, Other oilseeds, Peas & beans (Pulses), Sesamum, Other Kharif pulses, Onion, Maize, Urad, Dry chillies, Cotton(lint), Sugarcane, Sweet potato, Coriander, Moth, Garlic, Arhar/Tur, Potato, Castor seed, Linseed, Soyabean"
2019,2019-20,Rajasthan,JAISALMER,18,1032611.0,"Guar seed, Gram, Bajra, Other oilseeds, Moong(Green Gram)","Guar seed, Gram, Bajra, Other oilseeds, Moong(Green Gram), Rapeseed & Mustard, Groundnut, Wheat, Sesamum, Moth, Castor seed, Jowar, Cotton(lint), Other Rabi pulses, Onion, Barley, Dry chillies, Coriander"
2019,2019-20,Rajasthan,JALORE,28,746445.0,"Bajra, Moong(Green Gram), Castor seed, Rapeseed & Mustard, Wheat","Bajra, Moong(Green Gram), Castor seed, Rapeseed & Mustard, Wheat, Guar seed, Groundnut, Sesamum, Gram, Jowar, Other oilseeds, Small millets, Cotton(lint), Dry chillies, Moth, Barley, Onion, Other Kharif pulses, Sweet potato, Potato, Tobacco, Maize, Coriander, Sunflower, Urad, Garlic, Linseed, Peas & beans (Pulses)"
2019,2019-20,Rajasthan,JHALAWAR,29,634479.0,"Soyabean, Wheat, Gram, Maize, Coriander","Soyabean, Wheat, Gram, Maize, Coriander, Rapeseed & Mustard, Urad, Garlic, Masoor, Rice, Onion, Linseed, Groundnut, Sesamum, Jowar, Other oilseeds, Barley, Moong(Green Gram), Dry chillies, Potato, Arhar/Tur, Peas & beans (Pulses), Other Kharif pulses, Sweet potato, Other Rabi pulses, Sugarcane, Bajra, Sannhamp, Castor seed"
2019,2019-20,Rajasthan,JHUNJHUNU,24,617409.0,"Bajra, Gram, Wheat, Rapeseed & Mustard, Moong(Green Gram)","Bajra, Gram, Wheat, Rapeseed & Mustard, Moong(Green Gram), Guar seed, Other Kharif pulses, Cotton(lint), Other oilseeds, Barley, Groundnut, Onion, Masoor, Sesamum, Garlic, Peas & beans (Pulses), Castor seed, Moth, Dry chillies, Tobacco, Potato, Maize, Coriander, Other Rabi pulses"
2019,2019-20,Rajasthan,JODHPUR,23,1607888.0,"Bajra, Moong(Green Gram), Rapeseed & Mustard, Groundnut, Guar seed","Bajra, Moong(Green Gram), Rapeseed & Mustard, Groundnut, Guar seed, Moth, Wheat, Cotton(lint), Gram, Jowar, Other oilseeds, Castor seed, Onion, Sesamum, Garlic, Other Kharif pulses, Coriander, Dry chillies, Barley, Peas & beans (Pulses), Potato, Sweet potato, Maize"
2019,2019-20,Rajasthan,KARAULI,27,337445.0,"Bajra, Rapeseed & Mustard, Wheat, Sesamum, Gram","Bajra, Rapeseed & Mustard, Wheat, Sesamum, Gram, Rice, Guar seed, Other oilseeds, Jowar, Groundnut, Urad, Arhar/Tur, Barley, Moong(Green Gram), Potato, Tobacco, Maize, Onion, Sugarcane, Peas & beans (Pulses), Dry chillies, Soyabean, Banana, Sannhamp, Other Kharif pulses, Other Rabi pulses, Sweet potato"
2019,2019-20,Rajasthan,KOTA,26,524571.0,"Soyabean, Wheat, Gram, Urad, Rice","Soyabean, Wheat, Gram, Urad, Rice, Rapeseed & Mustard, Garlic, Coriander, Maize, Sesamum, Jowar, Barley, Potato, Groundnut, Linseed, Other oilseeds, Onion, Bajra, Peas & beans (Pulses), Moong(Green Gram), Masoor, Arhar/Tur, Dry chillies, Other Rabi pulses, Sugarcane, Other Kharif pulses"
2019,2019-20,Rajasthan,NAGAUR,28,1719693.0,"Moong(Green Gram), Bajra, Other oilseeds, Gram, Guar seed","Moong(Green Gram), Bajra, Other oilseeds, Gram, Guar seed, Rapeseed & Mustard, Wheat, Moth, Cotton(lint), Jowar, Groundnut, Barley, Sesamum, Onion, Other Kharif pulses, Peas & beans (Pulses), Masoor, Sweet potato, Castor seed, Garlic, Coriander, Dry chillies, Linseed, Maize, Potato, Soyabean, Urad, Sugarcane"
2019,2019-20,Rajasthan,PALI,30,804467.0,"Moong(Green Gram), Gram, Wheat, Jowar, Rapeseed & Mustard","Moong(Green Gram), Gram, Wheat, Jowar, Rapeseed & Mustard, Sesamum, Bajra, Guar seed, Other oilseeds, Cotton(lint), Maize, Castor seed, Barley, Groundnut, Urad, Other Kharif pulses, Moth, Onion, Dry chillies, Arhar/Tur, Linseed, Other Rabi pulses, Peas & beans (Pulses), Sannhamp, Coriander, Garlic, Soyabean, Sweet potato, Banana, Potato"
2019,2019-20,Rajasthan,PRATAPGARH,29,328094.0,"Soyabean, Wheat, Maize, Gram, Rapeseed & Mustard","Soyabean, Wheat, Maize, Gram, Rapeseed & Mustard, Garlic, Urad, Masoor, Linseed, Groundnut, Barley, Cotton(lint), Rice, Other Rabi pulses, Sesamum, Coriander, Onion, Arhar/Tur, Peas & beans (Pulses), Dry chillies, Other oilseeds, Potato, Guar seed, Other Kharif pulses, Ginger, Moong(Green Gram), Small millets, Jowar, Bajra"
2019,2019-20,Rajasthan,RAJSAMAND,30,128894.0,"Maize, Wheat, Jowar, Barley, Cotton(lint)","Maize, Wheat, Jowar, Barley, Cotton(lint), Guar seed, Gram, Groundnut, Urad, Rapeseed & Mustard, Sesamum, Moong(Green Gram), Soyabean, Bajra, Other Kharif pulses, Sugarcane, Dry chillies, Garlic, Other oilseeds, Rice, Potato, Moth, Peas & beans (Pulses), Coriander, Tobacco, Sannhamp, Onion, Linseed, Other Rabi pulses, Banana"
2019,2019-20,Rajasthan,SAWAI MADHOPUR,31,446315.0,"Rapeseed & Mustard, Wheat, Bajra, Urad, Gram","Rapeseed & Mustard, Wheat, Bajra, Urad, Gram, Sesamum, Dry chillies, Groundnut, Rice, Soyabean, Guar seed, Barley, Jowar, Maize, Other oilseeds, Moong(Green Gram), Onion, Masoor, Coriander, Peas & beans (Pulses), Sannhamp, Potato, Arhar/Tur, Garlic, Sweet potato, Other Rabi pulses, Sugarcane, Turmeric, Linseed, Moth, Tobacco"
2019,2019-20,Rajasthan,SIKAR,27,710038.0,"Bajra, Wheat, Guar seed, Moong(Green Gram), Gram","Bajra, Wheat, Guar seed, Moong(Green Gram), Gram, Rapeseed & Mustard, Groundnut, Barley, Other oilseeds, Other Kharif pulses, Onion, Sweet potato, Peas & beans (Pulses), Moth, Sesamum, Cotton(lint), Dry chillies, Coriander, Garlic, Masoor, Sugarcane, Linseed, Maize, Arhar/Tur, Castor seed, Potato, Urad"
2019,2019-20,Rajasthan,SIROHI,28,194723.0,"Castor seed, Wheat, Maize, Sesamum, Groundnut","Castor seed, Wheat, Maize, Sesamum, Groundnut, Bajra, Guar seed, Rapeseed & Mustard, Moong(Green Gram), Gram, Jowar, Cotton(lint), Urad, Small millets, Barley, Other Kharif pulses, Potato, Other oilseeds, Dry chillies, Arhar/Tur, Onion, Other Rabi pulses, Moth, Coriander, Peas & beans (Pulses), Garlic, Sweet potato, Tobacco"
2019,2019-20,Rajasthan,TONK,31,774938.0,"Rapeseed & Mustard, Gram, Urad, Moong(Green Gram), Jowar","Rapeseed & Mustard, Gram, Urad, Moong(Green Gram), Jowar, Wheat, Bajra, Sesamum, Groundnut, Maize, Barley, Other oilseeds, Guar seed, Other Rabi pulses, Cotton(lint), Masoor, Castor seed, Dry chillies, Peas & beans (Pulses), Onion, Soyabean, Coriander, Other Kharif pulses, Potato, Garlic, Linseed, Sugarcane, Arhar/Tur, Small millets, Sweet potato, Tobacco"
2019,2019-20,Rajasthan,UDAIPUR,33,337686.0,"Maize, Wheat, Soyabean, Gram, Barley","Maize, Wheat, Soyabean, Gram, Barley, Guar seed, Urad, Rapeseed & Mustard, Jowar, Rice, Arhar/Tur, Cotton(lint), Groundnut, Sesamum, Other Rabi pulses, Dry chillies, Sugarcane, Small millets, Other oilseeds, Moong(Green Gram), Other Kharif pulses, Castor seed, Ginger, Sannhamp, Turmeric, Bajra, Garlic, Onion, Peas & beans (Pulses), Linseed, Coriander, Potato, Moth"
2019,2019-20,Sikkim,EAST DISTRICT,10,18724.0,"Maize, Rice, Rapeseed & Mustard, Other Cereals, Soyabean","Maize, Rice, Rapeseed & Mustard, Other Cereals, Soyabean, Small millets, Other Kharif pulses, Urad, Barley, Wheat"
2019,2019-20,Sikkim,NORTH DISTRICT,9,5672.0,"Maize, Rice, Small millets, Rapeseed & Mustard, Soyabean","Maize, Rice, Small millets, Rapeseed & Mustard, Soyabean, Other Kharif pulses, Other Cereals, Barley, Wheat"
2019,2019-20,Sikkim,SOUTH DISTRICT,9,22069.0,"Maize, Urad, Rice, Other Cereals, Soyabean","Maize, Urad, Rice, Other Cereals, Soyabean, Other Kharif pulses, Rapeseed & Mustard, Small millets, Barley"
2019,2019-20,Sikkim,WEST DISTRICT,8,17892.0,"Maize, Rice, Urad, Other Kharif pulses, Small millets","Maize, Rice, Urad, Other Kharif pulses, Small millets, Other Cereals, Soyabean, Rapeseed & Mustard"
2019,2019-20,Tamil Nadu,ARIYALUR,27,102996.0,"Cashewnut, Rice, Maize, Cotton(lint), Groundnut","Cashewnut, Rice, Maize, Cotton(lint), Groundnut, Urad, Sugarcane, Sesamum, Bajra, Coconut, Tapioca, Arhar/Tur, Castor seed, Banana, Dry chillies, Onion, Small millets, Other Kharif pulses, Horse-gram, Cowpea(Lobia), Jowar, Ragi, Moong(Green Gram), Turmeric, Coriander, Arecanut, Sunflower"
2019,2019-20,Tamil Nadu,CHENGALPATTU,5,1921.0,"Coconut, Other Kharif pulses, Small millets, Other Cereals, Maize","Coconut, Other Kharif pulses, Small millets, Other Cereals, Maize"
2019,2019-20,Tamil Nadu,CHENNAI,2,146.0,"Rice, Banana","Rice, Banana"
2019,2019-20,Tamil Nadu,COIMBATORE,35,145461.0,"Coconut, Jowar, Banana, Groundnut, Maize","Coconut, Jowar, Banana, Groundnut, Maize, Cowpea(Lobia), Horse-gram, Arecanut, Onion, Gram, Rice, Cardamom, Tapioca, Other Rabi pulses, Moong(Green Gram), Dry chillies, Sugarcane, Cotton(lint), Other Kharif pulses, Urad, Turmeric, Arhar/Tur, Coriander, Sesamum, Black pepper, Bajra, Tobacco, Ragi, Castor seed, Cashewnut, Ginger, Other Cereals, Small millets, Sunflower, Sweet potato"
2019,2019-20,Tamil Nadu,CUDDALORE,26,296915.0,"Rice, Urad, Cashewnut, Maize, Sugarcane","Rice, Urad, Cashewnut, Maize, Sugarcane, Moong(Green Gram), Groundnut, Cotton(lint), Tapioca, Banana, Sesamum, Bajra, Coconut, Small millets, Turmeric, Cowpea(Lobia), Ragi, Arhar/Tur, Onion, Sweet potato, Jowar, Castor seed, Other Rabi pulses, Sunflower, Horse-gram, Arecanut"
2019,2019-20,Tamil Nadu,DHARMAPURI,30,182517.0,"Jowar, Rice, Ragi, Tapioca, Cowpea(Lobia)","Jowar, Rice, Ragi, Tapioca, Cowpea(Lobia), Horse-gram, Groundnut, Arhar/Tur, Other Kharif pulses, Cotton(lint), Coconut, Urad, Small millets, Turmeric, Maize, Moong(Green Gram), Gram, Sugarcane, Dry chillies, Arecanut, Bajra, Onion, Sesamum, Banana, Coriander, Castor seed, Black pepper, Sweet potato, Other Rabi pulses, Potato"
2019,2019-20,Tamil Nadu,DINDIGUL,36,162536.0,"Jowar, Coconut, Maize, Rice, Cotton(lint)","Jowar, Coconut, Maize, Rice, Cotton(lint), Urad, Cowpea(Lobia), Banana, Groundnut, Horse-gram, Potato, Onion, Other Rabi pulses, Sugarcane, Moong(Green Gram), Dry chillies, Garlic, Black pepper, Tobacco, Arhar/Tur, Cashewnut, Cardamom, Gram, Sesamum, Bajra, Other Kharif pulses, Sunflower, Tapioca, Arecanut, Coriander, Sweet potato, Ragi, Castor seed, Other Cereals, Turmeric, Small millets"
2019,2019-20,Tamil Nadu,ERODE,35,146797.0,"Rice, Groundnut, Maize, Coconut, Banana","Rice, Groundnut, Maize, Coconut, Banana, Sugarcane, Tapioca, Sesamum, Ragi, Turmeric, Onion, Horse-gram, Arhar/Tur, Cotton(lint), Urad, Cowpea(Lobia), Potato, Tobacco, Arecanut, Moong(Green Gram), Other Kharif pulses, Castor seed, Dry chillies, Other Rabi pulses, Bajra, Garlic, Sunflower, Ginger, Small millets, Black pepper, Cashewnut, Coriander, Sweet potato, Jowar, Gram"
2019,2019-20,Tamil Nadu,KALLAKURICHI,4,638.0,"Small millets, Coconut, Castor seed, Other Cereals","Small millets, Coconut, Castor seed, Other Cereals"
2019,2019-20,Tamil Nadu,KANCHIPURAM,22,105302.0,"Rice, Groundnut, Urad, Sesamum, Sugarcane","Rice, Groundnut, Urad, Sesamum, Sugarcane, Coconut, Moong(Green Gram), Dry chillies, Banana, Cashewnut, Ragi, Cowpea(Lobia), Tapioca, Arhar/Tur, Other Kharif pulses, Horse-gram, Jowar, Maize, Turmeric, Bajra, Onion, Other Rabi pulses"
2019,2019-20,Tamil Nadu,KANNIYAKUMARI,14,42794.0,"Coconut, Rice, Banana, Tapioca, Cashewnut","Coconut, Rice, Banana, Tapioca, Cashewnut, Urad, Black pepper, Arecanut, Cardamom, Maize, Groundnut, Ginger, Cowpea(Lobia), Castor seed"
2019,2019-20,Tamil Nadu,KARUR,29,64841.0,"Jowar, Rice, Coconut, Sesamum, Horse-gram","Jowar, Rice, Coconut, Sesamum, Horse-gram, Urad, Banana, Tapioca, Other Rabi pulses, Groundnut, Sugarcane, Maize, Arhar/Tur, Bajra, Dry chillies, Onion, Cowpea(Lobia), Cotton(lint), Moong(Green Gram), Other Kharif pulses, Sweet potato, Sunflower, Turmeric, Coriander, Castor seed, Cashewnut, Ragi, Tobacco, Arecanut"
2019,2019-20,Tamil Nadu,KRISHNAGIRI,31,154220.0,"Ragi, Rice, Horse-gram, Coconut, Other Kharif pulses","Ragi, Rice, Horse-gram, Coconut, Other Kharif pulses, Groundnut, Arhar/Tur, Cowpea(Lobia), Jowar, Urad, Moong(Green Gram), Cotton(lint), Dry chillies, Maize, Turmeric, Castor seed, Sesamum, Bajra, Small millets, Banana, Sugarcane, Tapioca, Potato, Other Rabi pulses, Rapeseed & Mustard, Onion, Other Cereals, Arecanut, Coriander, Cashewnut, Black pepper"
2019,2019-20,Tamil Nadu,MADURAI,30,107738.0,"Rice, Maize, Cotton(lint), Jowar, Coconut","Rice, Maize, Cotton(lint), Jowar, Coconut, Banana, Moong(Green Gram), Arhar/Tur, Other Cereals, Cowpea(Lobia), Groundnut, Sugarcane, Urad, Bajra, Other Kharif pulses, Dry chillies, Onion, Other Rabi pulses, Sesamum, Cashewnut, Small millets, Sweet potato, Horse-gram, Coriander, Sunflower, Tapioca, Ragi, Gram, Castor seed, Turmeric"
2019,2019-20,Tamil Nadu,NAGAPATTINAM,17,254072.0,"Rice, Moong(Green Gram), Urad, Cotton(lint), Coconut","Rice, Moong(Green Gram), Urad, Cotton(lint), Coconut, Groundnut, Cashewnut, Sesamum, Banana, Sugarcane, Tobacco, Tapioca, Maize, Dry chillies, Ragi, Arecanut, Jowar"
2019,2019-20,Tamil Nadu,NAMAKKAL,32,194103.0,"Jowar, Groundnut, Tapioca, Rice, Sugarcane","Jowar, Groundnut, Tapioca, Rice, Sugarcane, Coconut, Moong(Green Gram), Maize, Onion, Cotton(lint), Banana, Urad, Black pepper, Castor seed, Turmeric, Other Kharif pulses, Horse-gram, Sesamum, Other Rabi pulses, Cowpea(Lobia), Arecanut, Arhar/Tur, Small millets, Ragi, Dry chillies, Coriander, Gram, Bajra, Cardamom, Other Cereals, Cashewnut, Sweet potato"
2019,2019-20,Tamil Nadu,PERAMBALUR,30,102179.0,"Maize, Cotton(lint), Onion, Rice, Sugarcane","Maize, Cotton(lint), Onion, Rice, Sugarcane, Groundnut, Tapioca, Jowar, Coconut, Arhar/Tur, Sesamum, Turmeric, Castor seed, Small millets, Urad, Dry chillies, Banana, Cowpea(Lobia), Bajra, Arecanut, Coriander, Horse-gram, Other Kharif pulses, Moong(Green Gram), Ragi, Sunflower, Cashewnut, Other Rabi pulses, Gram, Sweet potato"
2019,2019-20,Tamil Nadu,PUDUKKOTTAI,30,128923.0,"Rice, Groundnut, Coconut, Cashewnut, Urad","Rice, Groundnut, Coconut, Cashewnut, Urad, Maize, Banana, Sugarcane, Sesamum, Tapioca, Cowpea(Lobia), Dry chillies, Arhar/Tur, Moong(Green Gram), Ragi, Cotton(lint), Horse-gram, Jowar, Onion, Small millets, Turmeric, Sweet potato, Black pepper, Other Cereals, Other Kharif pulses, Coriander, Bajra, Other Rabi pulses, Castor seed, Sunflower"
2019,2019-20,Tamil Nadu,RAMANATHAPURAM,22,175928.0,"Rice, Dry chillies, Coconut, Jowar, Cotton(lint)","Rice, Dry chillies, Coconut, Jowar, Cotton(lint), Urad, Groundnut, Other Cereals, Coriander, Bajra, Ragi, Sesamum, Cowpea(Lobia), Maize, Moong(Green Gram), Sunflower, Banana, Cashewnut, Sugarcane, Onion, Other Rabi pulses, Small millets"
2019,2019-20,Tamil Nadu,RANIPET,3,1023.0,"Coconut, Other Kharif pulses, Other Rabi pulses","Coconut, Other Kharif pulses, Other Rabi pulses"
2019,2019-20,Tamil Nadu,SALEM,35,252309.0,"Jowar, Maize, Groundnut, Rice, Cowpea(Lobia)","Jowar, Maize, Groundnut, Rice, Cowpea(Lobia), Cotton(lint), Coconut, Tapioca, Other Kharif pulses, Ragi, Moong(Green Gram), Horse-gram, Sugarcane, Other Rabi pulses, Urad, Turmeric, Sesamum, Arecanut, Banana, Onion, Small millets, Arhar/Tur, Castor seed, Black pepper, Bajra, Other Cereals, Dry chillies, Tobacco, Coriander, Cashewnut, Cardamom, Sunflower, Sweet potato, Gram, Ginger"
2019,2019-20,Tamil Nadu,SIVAGANGA,28,96183.0,"Rice, Coconut, Dry chillies, Cashewnut, Groundnut","Rice, Coconut, Dry chillies, Cashewnut, Groundnut, Sugarcane, Banana, Urad, Cotton(lint), Ragi, Jowar, Cowpea(Lobia), Other Cereals, Onion, Horse-gram, Sesamum, Arhar/Tur, Bajra, Moong(Green Gram), Maize, Tapioca, Other Kharif pulses, Coriander, Other Rabi pulses, Turmeric, Castor seed, Potato, Sweet potato"
2019,2019-20,Tamil Nadu,TENKASI,4,11761.0,"Coconut, Other Cereals, Castor seed, Other Kharif pulses","Coconut, Other Cereals, Castor seed, Other Kharif pulses"
2019,2019-20,Tamil Nadu,THANJAVUR,26,284159.0,"Rice, Coconut, Urad, Groundnut, Sesamum","Rice, Coconut, Urad, Groundnut, Sesamum, Sugarcane, Banana, Cotton(lint), Cashewnut, Moong(Green Gram), Maize, Tapioca, Jowar, Dry chillies, Arhar/Tur, Onion, Small millets, Arecanut, Turmeric, Black pepper, Bajra, Other Cereals, Ragi, Sunflower, Castor seed, Ginger"
2019,2019-20,Tamil Nadu,THE NILGIRIS,17,4357.0,"Black pepper, Cardamom, Potato, Banana, Arecanut","Black pepper, Cardamom, Potato, Banana, Arecanut, Garlic, Rice, Ginger, Coconut, Tapioca, Other Cereals, Dry chillies, Turmeric, Maize, Ragi, Rapeseed & Mustard, Sugarcane"
2019,2019-20,Tamil Nadu,THENI,29,79286.0,"Coconut, Jowar, Rice, Maize, Banana","Coconut, Jowar, Rice, Maize, Banana, Cowpea(Lobia), Sugarcane, Cashewnut, Cotton(lint), Other Rabi pulses, Groundnut, Urad, Other Kharif pulses, Cardamom, Bajra, Arhar/Tur, Sesamum, Moong(Green Gram), Onion, Horse-gram, Black pepper, Castor seed, Arecanut, Tapioca, Ragi, Small millets, Garlic, Other Cereals, Tobacco"
2019,2019-20,Tamil Nadu,THIRUVALLUR,27,121720.0,"Rice, Moong(Green Gram), Groundnut, Sugarcane, Sesamum","Rice, Moong(Green Gram), Groundnut, Sugarcane, Sesamum, Urad, Coconut, Banana, Dry chillies, Bajra, Cashewnut, Sweet potato, Tapioca, Arhar/Tur, Ragi, Cowpea(Lobia), Horse-gram, Turmeric, Small millets, Maize, Jowar, Onion, Other Kharif pulses, Castor seed, Coriander, Other Rabi pulses, Sunflower"
2019,2019-20,Tamil Nadu,THIRUVARUR,20,269281.0,"Rice, Moong(Green Gram), Urad, Cotton(lint), Coconut","Rice, Moong(Green Gram), Urad, Cotton(lint), Coconut, Groundnut, Sesamum, Banana, Tapioca, Dry chillies, Sunflower, Sugarcane, Maize, Arecanut, Cashewnut, Turmeric, Black pepper, Other Cereals, Onion, Sweet potato"
2019,2019-20,Tamil Nadu,TIRUCHIRAPPALLI,32,158917.0,"Rice, Jowar, Cotton(lint), Maize, Groundnut","Rice, Jowar, Cotton(lint), Maize, Groundnut, Banana, Urad, Coconut, Tapioca, Onion, Sesamum, Sugarcane, Arhar/Tur, Cowpea(Lobia), Dry chillies, Horse-gram, Moong(Green Gram), Cashewnut, Castor seed, Bajra, Turmeric, Other Kharif pulses, Coriander, Arecanut, Other Rabi pulses, Gram, Small millets, Sunflower, Ragi, Black pepper, Other Cereals, Sweet potato"
2019,2019-20,Tamil Nadu,TIRUNELVELI,32,160302.0,"Rice, Urad, Maize, Banana, Coconut","Rice, Urad, Maize, Banana, Coconut, Cotton(lint), Moong(Green Gram), Jowar, Cashewnut, Sugarcane, Groundnut, Onion, Sesamum, Cowpea(Lobia), Dry chillies, Cardamom, Arecanut, Tapioca, Bajra, Sunflower, Sweet potato, Black pepper, Other Cereals, Ragi, Horse-gram, Turmeric, Castor seed, Ginger, Arhar/Tur, Coriander, Other Rabi pulses, Small millets"
2019,2019-20,Tamil Nadu,TIRUPATHUR,7,13994.0,"Coconut, Small millets, Other Kharif pulses, Castor seed, Other Rabi pulses","Coconut, Small millets, Other Kharif pulses, Castor seed, Other Rabi pulses, Gram, Rapeseed & Mustard"
2019,2019-20,Tamil Nadu,TIRUPPUR,29,168351.0,"Coconut, Jowar, Maize, Rice, Horse-gram","Coconut, Jowar, Maize, Rice, Horse-gram, Groundnut, Other Rabi pulses, Sugarcane, Onion, Urad, Gram, Banana, Moong(Green Gram), Cowpea(Lobia), Cotton(lint), Tapioca, Coriander, Dry chillies, Sesamum, Turmeric, Other Kharif pulses, Cashewnut, Arhar/Tur, Bajra, Castor seed, Tobacco, Arecanut, Sunflower, Black pepper"
2019,2019-20,Tamil Nadu,TIRUVANNAMALAI,31,330283.0,"Rice, Groundnut, Urad, Sugarcane, Horse-gram","Rice, Groundnut, Urad, Sugarcane, Horse-gram, Small millets, Bajra, Ragi, Banana, Cowpea(Lobia), Sesamum, Moong(Green Gram), Tapioca, Dry chillies, Arhar/Tur, Cotton(lint), Maize, Coconut, Turmeric, Other Rabi pulses, Other Kharif pulses, Coriander, Onion, Black pepper, Sunflower, Sweet potato, Jowar, Other Cereals, Arecanut, Cashewnut, Potato"
2019,2019-20,Tamil Nadu,TUTICORIN,29,202347.0,"Urad, Maize, Moong(Green Gram), Jowar, Rice","Urad, Maize, Moong(Green Gram), Jowar, Rice, Bajra, Dry chillies, Banana, Cotton(lint), Coconut, Onion, Coriander, Sunflower, Groundnut, Cashewnut, Sesamum, Other Cereals, Cowpea(Lobia), Ragi, Sugarcane, Gram, Tapioca, Horse-gram, Arhar/Tur, Turmeric, Other Rabi pulses, Small millets, Castor seed, Sweet potato"
2019,2019-20,Tamil Nadu,VELLORE,31,151915.0,"Rice, Groundnut, Horse-gram, Arhar/Tur, Coconut","Rice, Groundnut, Horse-gram, Arhar/Tur, Coconut, Ragi, Jowar, Cotton(lint), Urad, Sugarcane, Banana, Moong(Green Gram), Cowpea(Lobia), Maize, Dry chillies, Bajra, Sesamum, Small millets, Other Kharif pulses, Turmeric, Coriander, Tapioca, Onion, Castor seed, Cashewnut, Sweet potato, Arecanut, Ginger, Sunflower, Other Rabi pulses, Tobacco"
2019,2019-20,Tamil Nadu,VILLUPURAM,28,432185.0,"Rice, Urad, Groundnut, Bajra, Sugarcane","Rice, Urad, Groundnut, Bajra, Sugarcane, Maize, Sesamum, Tapioca, Cotton(lint), Other Rabi pulses, Cashewnut, Turmeric, Small millets, Moong(Green Gram), Coconut, Banana, Dry chillies, Ragi, Onion, Jowar, Other Kharif pulses, Arhar/Tur, Arecanut, Cowpea(Lobia), Sweet potato, Black pepper, Sunflower, Castor seed"
2019,2019-20,Tamil Nadu,VIRUDHUNAGAR,32,122418.0,"Rice, Maize, Cotton(lint), Jowar, Coconut","Rice, Maize, Cotton(lint), Jowar, Coconut, Groundnut, Urad, Moong(Green Gram), Other Cereals, Onion, Sunflower, Coriander, Sesamum, Bajra, Sugarcane, Dry chillies, Banana, Arhar/Tur, Cardamom, Cowpea(Lobia), Other Kharif pulses, Ragi, Small millets, Castor seed, Cashewnut, Horse-gram, Other Rabi pulses, Sweet potato, Tapioca, Gram, Arecanut, Turmeric"
2019,2019-20,Telangana,ADILABAD,26,252997.0,"Cotton(lint), Soyabean, Gram, Arhar/Tur, Jowar","Cotton(lint), Soyabean, Gram, Arhar/Tur, Jowar, Maize, Wheat, Urad, Moong(Green Gram), Rice, Groundnut, Sesamum, Turmeric, Coriander, Dry chillies, Small millets, Cowpea(Lobia), Tobacco, Bajra, Banana, Safflower, Onion, Castor seed, Sugarcane, Ginger, Garlic"
2019,2019-20,Telangana,BHADRADRI,18,154210.0,"Rice, Cotton(lint), Maize, Dry chillies, Cashewnut","Rice, Cotton(lint), Maize, Dry chillies, Cashewnut, Groundnut, Arhar/Tur, Tobacco, Moong(Green Gram), Sugarcane, Banana, Urad, Jowar, Cowpea(Lobia), Sesamum, Turmeric, Horse-gram, Small millets"
2019,2019-20,Telangana,HANUMAKONDA,19,117371.0,"Rice, Cotton(lint), Maize, Groundnut, Arhar/Tur","Rice, Cotton(lint), Maize, Groundnut, Arhar/Tur, Turmeric, Moong(Green Gram), Gram, Onion, Dry chillies, Urad, Cowpea(Lobia), Jowar, Soyabean, Banana, Sesamum, Small millets, Ragi, Tobacco"
2019,2019-20,Telangana,JAGITIAL,18,263036.0,"Rice, Maize, Turmeric, Cotton(lint), Sesamum","Rice, Maize, Turmeric, Cotton(lint), Sesamum, Arhar/Tur, Moong(Green Gram), Bajra, Dry chillies, Soyabean, Gram, Groundnut, Urad, Sugarcane, Onion, Cowpea(Lobia), Jowar, Banana"
2019,2019-20,Telangana,JANGOAN,22,165809.0,"Rice, Cotton(lint), Maize, Arhar/Tur, Groundnut","Rice, Cotton(lint), Maize, Arhar/Tur, Groundnut, Moong(Green Gram), Tobacco, Dry chillies, Jowar, Gram, Sweet potato, Turmeric, Cowpea(Lobia), Onion, Urad, Horse-gram, Ginger, Castor seed, Sesamum, Small millets, Ragi, Coriander"
2019,2019-20,Telangana,JAYASHANKAR,16,129465.0,"Rice, Cotton(lint), Maize, Dry chillies, Moong(Green Gram)","Rice, Cotton(lint), Maize, Dry chillies, Moong(Green Gram), Turmeric, Urad, Gram, Banana, Groundnut, Cowpea(Lobia), Arhar/Tur, Sesamum, Onion, Small millets, Ragi"
2019,2019-20,Telangana,JOGULAMBA,23,183134.0,"Cotton(lint), Rice, Arhar/Tur, Groundnut, Maize","Cotton(lint), Rice, Arhar/Tur, Groundnut, Maize, Dry chillies, Gram, Castor seed, Onion, Tobacco, Urad, Jowar, Sugarcane, Bajra, Cowpea(Lobia), Small millets, Moong(Green Gram), Sunflower, Horse-gram, Sesamum, Wheat, Ragi, Safflower"
2019,2019-20,Telangana,KAMAREDDY,27,321600.0,"Rice, Maize, Soyabean, Gram, Cotton(lint)","Rice, Maize, Soyabean, Gram, Cotton(lint), Arhar/Tur, Jowar, Moong(Green Gram), Sugarcane, Urad, Wheat, Coriander, Sesamum, Onion, Horse-gram, Safflower, Turmeric, Sunflower, Castor seed, Cowpea(Lobia), Groundnut, Banana, Dry chillies, Tobacco, Small millets, Garlic, Ragi"
2019,2019-20,Telangana,KARIMNAGAR,20,234635.0,"Rice, Cotton(lint), Maize, Groundnut, Arhar/Tur","Rice, Cotton(lint), Maize, Groundnut, Arhar/Tur, Moong(Green Gram), Dry chillies, Turmeric, Tobacco, Gram, Cowpea(Lobia), Banana, Onion, Urad, Coriander, Small millets, Sweet potato, Sesamum, Sunflower, Jowar"
2019,2019-20,Telangana,KHAMMAM,20,348994.0,"Rice, Cotton(lint), Maize, Dry chillies, Moong(Green Gram)","Rice, Cotton(lint), Maize, Dry chillies, Moong(Green Gram), Sugarcane, Arhar/Tur, Groundnut, Jowar, Urad, Sesamum, Cashewnut, Cowpea(Lobia), Turmeric, Banana, Gram, Small millets, Onion, Ragi, Bajra"
2019,2019-20,Telangana,KOMARAM BHEEM ASIFABAD,25,176479.0,"Cotton(lint), Rice, Arhar/Tur, Jowar, Gram","Cotton(lint), Rice, Arhar/Tur, Jowar, Gram, Moong(Green Gram), Soyabean, Maize, Urad, Wheat, Castor seed, Groundnut, Cowpea(Lobia), Onion, Dry chillies, Turmeric, Sesamum, Banana, Cashewnut, Small millets, Ragi, Coriander, Sweet potato, Bajra, Sunflower"
2019,2019-20,Telangana,MAHABUBABAD,18,191436.0,"Rice, Cotton(lint), Maize, Dry chillies, Moong(Green Gram)","Rice, Cotton(lint), Maize, Dry chillies, Moong(Green Gram), Turmeric, Groundnut, Arhar/Tur, Jowar, Cowpea(Lobia), Urad, Onion, Sesamum, Banana, Tobacco, Sugarcane, Soyabean, Horse-gram"
2019,2019-20,Telangana,MAHBUBNAGAR,21,149587.0,"Cotton(lint), Rice, Maize, Jowar, Arhar/Tur","Cotton(lint), Rice, Maize, Jowar, Arhar/Tur, Castor seed, Groundnut, Ragi, Onion, Horse-gram, Sugarcane, Sesamum, Moong(Green Gram), Dry chillies, Small millets, Cowpea(Lobia), Urad, Bajra, Gram, Safflower, Soyabean"
2019,2019-20,Telangana,MANCHERIAL,20,180441.0,"Rice, Cotton(lint), Arhar/Tur, Maize, Dry chillies","Rice, Cotton(lint), Arhar/Tur, Maize, Dry chillies, Moong(Green Gram), Jowar, Gram, Groundnut, Turmeric, Onion, Urad, Sesamum, Cowpea(Lobia), Cashewnut, Sweet potato, Soyabean, Small millets, Wheat, Coriander"
2019,2019-20,Telangana,MEDAK,27,135535.0,"Rice, Cotton(lint), Maize, Moong(Green Gram), Jowar","Rice, Cotton(lint), Maize, Moong(Green Gram), Jowar, Arhar/Tur, Urad, Onion, Sugarcane, Gram, Soyabean, Sunflower, Castor seed, Wheat, Small millets, Groundnut, Ragi, Sesamum, Bajra, Potato, Safflower, Horse-gram, Cowpea(Lobia), Coriander, Banana, Dry chillies, Garlic"
2019,2019-20,Telangana,MEDCHAL MALKAJGIRI,16,10768.0,"Rice, Maize, Cotton(lint), Jowar, Arhar/Tur","Rice, Maize, Cotton(lint), Jowar, Arhar/Tur, Gram, Horse-gram, Banana, Moong(Green Gram), Dry chillies, Soyabean, Castor seed, Onion, Sugarcane, Ragi, Sesamum"
2019,2019-20,Telangana,MULUGU,16,80407.0,"Rice, Cotton(lint), Dry chillies, Maize, Moong(Green Gram)","Rice, Cotton(lint), Dry chillies, Maize, Moong(Green Gram), Urad, Groundnut, Cowpea(Lobia), Banana, Turmeric, Onion, Arhar/Tur, Sesamum, Cashewnut, Gram, Tobacco"
2019,2019-20,Telangana,NAGARKURNOOL,22,307700.0,"Cotton(lint), Rice, Groundnut, Maize, Arhar/Tur","Cotton(lint), Rice, Groundnut, Maize, Arhar/Tur, Jowar, Castor seed, Urad, Dry chillies, Gram, Ragi, Small millets, Sesamum, Moong(Green Gram), Bajra, Horse-gram, Cowpea(Lobia), Onion, Banana, Sugarcane, Sunflower, Sweet potato"
2019,2019-20,Telangana,NALGONDA,19,564798.0,"Rice, Cotton(lint), Arhar/Tur, Groundnut, Dry chillies","Rice, Cotton(lint), Arhar/Tur, Groundnut, Dry chillies, Jowar, Moong(Green Gram), Castor seed, Sugarcane, Gram, Horse-gram, Urad, Bajra, Cowpea(Lobia), Maize, Small millets, Ragi, Onion, Sesamum"
2019,2019-20,Telangana,NARAYANAPET,22,203490.0,"Cotton(lint), Arhar/Tur, Rice, Castor seed, Jowar","Cotton(lint), Arhar/Tur, Rice, Castor seed, Jowar, Groundnut, Moong(Green Gram), Maize, Sugarcane, Onion, Gram, Sesamum, Horse-gram, Ragi, Cowpea(Lobia), Small millets, Urad, Safflower, Sunflower, Dry chillies, Bajra, Banana"
2019,2019-20,Telangana,NIRMAL,24,283046.0,"Rice, Cotton(lint), Maize, Soyabean, Gram","Rice, Cotton(lint), Maize, Soyabean, Gram, Turmeric, Arhar/Tur, Sesamum, Jowar, Urad, Moong(Green Gram), Wheat, Bajra, Onion, Groundnut, Safflower, Dry chillies, Coriander, Banana, Small millets, Garlic, Tobacco, Ragi, Horse-gram"
2019,2019-20,Telangana,NIZAMABAD,25,384921.0,"Rice, Maize, Soyabean, Turmeric, Gram","Rice, Maize, Soyabean, Turmeric, Gram, Bajra, Sesamum, Sunflower, Cotton(lint), Arhar/Tur, Onion, Safflower, Urad, Sugarcane, Moong(Green Gram), Jowar, Tobacco, Groundnut, Wheat, Banana, Coriander, Dry chillies, Cowpea(Lobia), Garlic, Small millets"
2019,2019-20,Telangana,PEDDAPALLI,18,194109.0,"Rice, Cotton(lint), Maize, Turmeric, Dry chillies","Rice, Cotton(lint), Maize, Turmeric, Dry chillies, Arhar/Tur, Moong(Green Gram), Gram, Sesamum, Cowpea(Lobia), Jowar, Banana, Small millets, Urad, Groundnut, Onion, Ragi, Coriander"
2019,2019-20,Telangana,RAJANNA,23,149353.0,"Rice, Cotton(lint), Maize, Arhar/Tur, Moong(Green Gram)","Rice, Cotton(lint), Maize, Arhar/Tur, Moong(Green Gram), Gram, Sesamum, Wheat, Turmeric, Groundnut, Sugarcane, Castor seed, Coriander, Cowpea(Lobia), Jowar, Onion, Dry chillies, Horse-gram, Soyabean, Sunflower, Bajra, Ragi, Urad"
2019,2019-20,Telangana,RANGAREDDI,27,185015.0,"Cotton(lint), Maize, Rice, Jowar, Arhar/Tur","Cotton(lint), Maize, Rice, Jowar, Arhar/Tur, Gram, Groundnut, Safflower, Castor seed, Onion, Moong(Green Gram), Horse-gram, Bajra, Ragi, Dry chillies, Small millets, Coriander, Sesamum, Urad, Wheat, Sunflower, Sugarcane, Sweet potato, Cowpea(Lobia), Banana, Turmeric, Potato"
2019,2019-20,Telangana,SANGAREDDY,29,287559.0,"Cotton(lint), Rice, Soyabean, Arhar/Tur, Moong(Green Gram)","Cotton(lint), Rice, Soyabean, Arhar/Tur, Moong(Green Gram), Sugarcane, Maize, Gram, Jowar, Urad, Ginger, Onion, Potato, Safflower, Turmeric, Banana, Bajra, Wheat, Sesamum, Dry chillies, Horse-gram, Groundnut, Sunflower, Coriander, Cashewnut, Cowpea(Lobia), Small millets, Castor seed, Sweet potato"
2019,2019-20,Telangana,SIDDIPET,23,278021.0,"Rice, Cotton(lint), Maize, Arhar/Tur, Gram","Rice, Cotton(lint), Maize, Arhar/Tur, Gram, Sunflower, Groundnut, Moong(Green Gram), Cowpea(Lobia), Onion, Potato, Jowar, Urad, Dry chillies, Castor seed, Sugarcane, Coriander, Sesamum, Horse-gram, Soyabean, Garlic, Wheat, Banana"
2019,2019-20,Telangana,SURYAPET,20,367235.0,"Rice, Cotton(lint), Arhar/Tur, Dry chillies, Moong(Green Gram)","Rice, Cotton(lint), Arhar/Tur, Dry chillies, Moong(Green Gram), Groundnut, Jowar, Sugarcane, Cowpea(Lobia), Maize, Urad, Gram, Horse-gram, Sweet potato, Small millets, Onion, Banana, Coriander, Turmeric, Bajra"
2019,2019-20,Telangana,VIKARABAD,26,216005.0,"Cotton(lint), Arhar/Tur, Maize, Rice, Moong(Green Gram)","Cotton(lint), Arhar/Tur, Maize, Rice, Moong(Green Gram), Jowar, Gram, Groundnut, Urad, Sugarcane, Turmeric, Onion, Soyabean, Cowpea(Lobia), Potato, Ragi, Banana, Castor seed, Dry chillies, Safflower, Ginger, Sesamum, Bajra, Wheat, Sunflower, Horse-gram"
2019,2019-20,Telangana,WANAPARTHY,22,159175.0,"Rice, Groundnut, Arhar/Tur, Maize, Castor seed","Rice, Groundnut, Arhar/Tur, Maize, Castor seed, Jowar, Cotton(lint), Urad, Gram, Sugarcane, Onion, Dry chillies, Moong(Green Gram), Ragi, Horse-gram, Small millets, Sesamum, Cowpea(Lobia), Banana, Tobacco, Bajra, Sunflower"
2019,2019-20,Telangana,WARANGAL,24,232096.0,"Rice, Cotton(lint), Maize, Turmeric, Dry chillies","Rice, Cotton(lint), Maize, Turmeric, Dry chillies, Groundnut, Arhar/Tur, Moong(Green Gram), Gram, Banana, Jowar, Onion, Urad, Coriander, Cowpea(Lobia), Soyabean, Sesamum, Small millets, Ragi, Bajra, Castor seed, Ginger, Sugarcane, Tobacco"
2019,2019-20,Telangana,YADADRI,22,215838.0,"Rice, Cotton(lint), Arhar/Tur, Maize, Jowar","Rice, Cotton(lint), Arhar/Tur, Maize, Jowar, Moong(Green Gram), Small millets, Groundnut, Gram, Horse-gram, Dry chillies, Tobacco, Castor seed, Urad, Ragi, Sesamum, Cowpea(Lobia), Sugarcane, Sweet potato, Banana, Onion, Bajra"
2019,2019-20,Tripura,DHALAI,23,45981.0,"Rice, Maize, Sesamum, Arhar/Tur, Rapeseed & Mustard","Rice, Maize, Sesamum, Arhar/Tur, Rapeseed & Mustard, Cowpea(Lobia), Urad, Moong(Green Gram), Peas & beans (Pulses), Groundnut, Masoor, Cotton(lint), Other Rabi pulses, Jowar, Small millets, Sugarcane, Jute, Mesta, Gram, Soyabean, Wheat, Other Kharif pulses, Khesari"
2019,2019-20,Tripura,GOMATI,24,47745.0,"Rice, Maize, Rapeseed & Mustard, Sesamum, Urad","Rice, Maize, Rapeseed & Mustard, Sesamum, Urad, Arhar/Tur, Cowpea(Lobia), Moong(Green Gram), Peas & beans (Pulses), Groundnut, Masoor, Jowar, Other Rabi pulses, Jute, Sugarcane, Mesta, Cotton(lint), Small millets, Other Kharif pulses, Wheat, Gram, Soyabean, Khesari, Other oilseeds"
2019,2019-20,Tripura,KHOWAI,24,31597.0,"Rice, Maize, Rapeseed & Mustard, Sesamum, Arhar/Tur","Rice, Maize, Rapeseed & Mustard, Sesamum, Arhar/Tur, Peas & beans (Pulses), Moong(Green Gram), Cowpea(Lobia), Urad, Groundnut, Masoor, Jowar, Other Rabi pulses, Other oilseeds, Small millets, Cotton(lint), Mesta, Jute, Sugarcane, Soyabean, Wheat, Gram, Khesari, Other Kharif pulses"
2019,2019-20,Tripura,NORTH TRIPURA,22,37691.0,"Rice, Maize, Rapeseed & Mustard, Sesamum, Urad","Rice, Maize, Rapeseed & Mustard, Sesamum, Urad, Arhar/Tur, Cowpea(Lobia), Moong(Green Gram), Peas & beans (Pulses), Masoor, Groundnut, Cotton(lint), Sugarcane, Jowar, Jute, Small millets, Soyabean, Mesta, Other Rabi pulses, Gram, Other Kharif pulses, Khesari"
2019,2019-20,Tripura,SEPAHIJALA,22,54532.0,"Rice, Maize, Sesamum, Rapeseed & Mustard, Urad","Rice, Maize, Sesamum, Rapeseed & Mustard, Urad, Moong(Green Gram), Cowpea(Lobia), Peas & beans (Pulses), Masoor, Arhar/Tur, Groundnut, Other Rabi pulses, Sugarcane, Gram, Soyabean, Wheat, Jowar, Small millets, Other Kharif pulses, Jute, Cotton(lint), Mesta"
2019,2019-20,Tripura,SOUTH TRIPURA,22,52063.0,"Rice, Maize, Urad, Rapeseed & Mustard, Sesamum","Rice, Maize, Urad, Rapeseed & Mustard, Sesamum, Moong(Green Gram), Arhar/Tur, Peas & beans (Pulses), Cowpea(Lobia), Groundnut, Masoor, Sugarcane, Other Rabi pulses, Jute, Mesta, Cotton(lint), Small millets, Jowar, Gram, Other Kharif pulses, Soyabean, Khesari"
2019,2019-20,Tripura,UNAKOTI,24,23291.0,"Rice, Maize, Cowpea(Lobia), Rapeseed & Mustard, Urad","Rice, Maize, Cowpea(Lobia), Rapeseed & Mustard, Urad, Sesamum, Moong(Green Gram), Arhar/Tur, Peas & beans (Pulses), Masoor, Other Rabi pulses, Groundnut, Jute, Gram, Jowar, Sugarcane, Cotton(lint), Wheat, Small millets, Other Kharif pulses, Khesari, Soyabean, Other oilseeds, Mesta"
2019,2019-20,Tripura,WEST TRIPURA,23,34806.0,"Rice, Maize, Rapeseed & Mustard, Sesamum, Moong(Green Gram)","Rice, Maize, Rapeseed & Mustard, Sesamum, Moong(Green Gram), Urad, Arhar/Tur, Peas & beans (Pulses), Groundnut, Cowpea(Lobia), Masoor, Other Rabi pulses, Sugarcane, Jute, Gram, Mesta, Soyabean, Cotton(lint), Wheat, Jowar, Small millets, Khesari, Other Kharif pulses"
2019,2019-20,Uttar Pradesh,AGRA,25,384609.0,"Wheat, Bajra, Potato, Rapeseed & Mustard, Barley","Wheat, Bajra, Potato, Rapeseed & Mustard, Barley, Rice, Sesamum, Gram, Arhar/Tur, Moong(Green Gram), Dry chillies, Cotton(lint), Urad, Masoor, Sugarcane, Maize, Sweet potato, Guar seed, Onion, Jowar, Peas & beans (Pulses), Coriander, Banana, Garlic, Sannhamp"
2019,2019-20,Uttar Pradesh,ALIGARH,27,489382.0,"Wheat, Rice, Bajra, Potato, Rapeseed & Mustard","Wheat, Rice, Bajra, Potato, Rapeseed & Mustard, Maize, Sugarcane, Arhar/Tur, Barley, Moong(Green Gram), Masoor, Urad, Cotton(lint), Garlic, Sweet potato, Onion, Guar seed, Peas & beans (Pulses), Groundnut, Coriander, Banana, Sesamum, Sunflower, Dry chillies, Gram, Jowar, Linseed"
2019,2019-20,Uttar Pradesh,ALLAHABAD,28,471734.0,"Wheat, Rice, Bajra, Arhar/Tur, Gram","Wheat, Rice, Bajra, Arhar/Tur, Gram, Potato, Masoor, Barley, Jowar, Moong(Green Gram), Peas & beans (Pulses), Urad, Sesamum, Rapeseed & Mustard, Sugarcane, Onion, Linseed, Maize, Banana, Dry chillies, Sweet potato, Coriander, Small millets, Groundnut, Guar seed, Sannhamp, Tobacco, Garlic"
2019,2019-20,Uttar Pradesh,AMBEDKAR NAGAR,25,267803.0,"Wheat, Rice, Sugarcane, Rapeseed & Mustard, Potato","Wheat, Rice, Sugarcane, Rapeseed & Mustard, Potato, Peas & beans (Pulses), Urad, Arhar/Tur, Gram, Barley, Maize, Jowar, Masoor, Onion, Moong(Green Gram), Tobacco, Coriander, Banana, Garlic, Dry chillies, Sesamum, Sweet potato, Bajra, Guar seed, Linseed"
2019,2019-20,Uttar Pradesh,AMETHI,27,286646.0,"Wheat, Rice, Urad, Peas & beans (Pulses), Potato","Wheat, Rice, Urad, Peas & beans (Pulses), Potato, Arhar/Tur, Jowar, Rapeseed & Mustard, Gram, Masoor, Sugarcane, Barley, Sweet potato, Sesamum, Moong(Green Gram), Onion, Maize, Bajra, Sunflower, Small millets, Linseed, Garlic, Coriander, Guar seed, Dry chillies, Groundnut, Turmeric"
2019,2019-20,Uttar Pradesh,AMROHA,19,208366.0,"Wheat, Sugarcane, Rice, Potato, Bajra","Wheat, Sugarcane, Rice, Potato, Bajra, Rapeseed & Mustard, Maize, Urad, Arhar/Tur, Masoor, Dry chillies, Peas & beans (Pulses), Barley, Sweet potato, Sesamum, Moong(Green Gram), Groundnut, Onion, Banana"
2019,2019-20,Uttar Pradesh,AURAIYA,23,229190.0,"Wheat, Rice, Bajra, Rapeseed & Mustard, Maize","Wheat, Rice, Bajra, Rapeseed & Mustard, Maize, Potato, Gram, Urad, Moong(Green Gram), Barley, Arhar/Tur, Garlic, Sesamum, Jowar, Sugarcane, Peas & beans (Pulses), Groundnut, Sweet potato, Onion, Masoor, Dry chillies, Coriander, Banana"
2019,2019-20,Uttar Pradesh,AZAMGARH,28,505327.0,"Wheat, Rice, Sugarcane, Maize, Arhar/Tur","Wheat, Rice, Sugarcane, Maize, Arhar/Tur, Peas & beans (Pulses), Potato, Gram, Barley, Rapeseed & Mustard, Onion, Urad, Groundnut, Tobacco, Bajra, Moong(Green Gram), Masoor, Coriander, Sannhamp, Garlic, Guar seed, Sesamum, Dry chillies, Banana, Small millets, Jowar, Sunflower, Sweet potato"
2019,2019-20,Uttar Pradesh,BAGHPAT,19,144264.0,"Sugarcane, Wheat, Rice, Rapeseed & Mustard, Arhar/Tur","Sugarcane, Wheat, Rice, Rapeseed & Mustard, Arhar/Tur, Bajra, Urad, Masoor, Potato, Barley, Moong(Green Gram), Banana, Maize, Cotton(lint), Dry chillies, Onion, Peas & beans (Pulses), Sunflower, Tobacco"
2019,2019-20,Uttar Pradesh,BAHRAICH,29,494889.0,"Rice, Wheat, Maize, Masoor, Sugarcane","Rice, Wheat, Maize, Masoor, Sugarcane, Rapeseed & Mustard, Arhar/Tur, Banana, Potato, Urad, Groundnut, Peas & beans (Pulses), Onion, Sesamum, Barley, Gram, Coriander, Garlic, Dry chillies, Ginger, Turmeric, Guar seed, Sweet potato, Linseed, Soyabean, Jowar, Small millets, Bajra, Sunflower"
2019,2019-20,Uttar Pradesh,BALLIA,24,333585.0,"Wheat, Rice, Maize, Masoor, Potato","Wheat, Rice, Maize, Masoor, Potato, Sugarcane, Arhar/Tur, Gram, Peas & beans (Pulses), Barley, Jowar, Rapeseed & Mustard, Onion, Groundnut, Bajra, Banana, Dry chillies, Garlic, Coriander, Guar seed, Small millets, Sunflower, Moong(Green Gram), Sweet potato"
2019,2019-20,Uttar Pradesh,BALRAMPUR,24,302081.0,"Rice, Wheat, Sugarcane, Masoor, Rapeseed & Mustard","Rice, Wheat, Sugarcane, Masoor, Rapeseed & Mustard, Arhar/Tur, Maize, Peas & beans (Pulses), Potato, Urad, Gram, Banana, Barley, Sesamum, Coriander, Onion, Garlic, Small millets, Sunflower, Guar seed, Linseed, Groundnut, Dry chillies, Moong(Green Gram)"
2019,2019-20,Uttar Pradesh,BANDA,29,407097.0,"Wheat, Gram, Rice, Masoor, Jowar","Wheat, Gram, Rice, Masoor, Jowar, Arhar/Tur, Sesamum, Urad, Peas & beans (Pulses), Moong(Green Gram), Bajra, Rapeseed & Mustard, Linseed, Barley, Groundnut, Sugarcane, Onion, Potato, Sannhamp, Dry chillies, Coriander, Guar seed, Soyabean, Banana, Small millets, Sweet potato, Garlic, Maize, Sunflower"
2019,2019-20,Uttar Pradesh,BARABANKI,27,426379.0,"Rice, Wheat, Rapeseed & Mustard, Potato, Masoor","Rice, Wheat, Rapeseed & Mustard, Potato, Masoor, Urad, Sugarcane, Maize, Peas & beans (Pulses), Arhar/Tur, Jowar, Gram, Coriander, Banana, Bajra, Garlic, Onion, Groundnut, Dry chillies, Sesamum, Sweet potato, Barley, Tobacco, Small millets, Moong(Green Gram), Guar seed, Linseed"
2019,2019-20,Uttar Pradesh,BAREILLY,27,500611.0,"Wheat, Rice, Sugarcane, Rapeseed & Mustard, Bajra","Wheat, Rice, Sugarcane, Rapeseed & Mustard, Bajra, Urad, Peas & beans (Pulses), Masoor, Sesamum, Potato, Onion, Arhar/Tur, Linseed, Maize, Dry chillies, Groundnut, Jowar, Gram, Sweet potato, Garlic, Barley, Turmeric, Coriander, Guar seed, Banana, Moong(Green Gram), Sunflower"
2019,2019-20,Uttar Pradesh,BASTI,23,295013.0,"Wheat, Rice, Sugarcane, Peas & beans (Pulses), Arhar/Tur","Wheat, Rice, Sugarcane, Peas & beans (Pulses), Arhar/Tur, Maize, Rapeseed & Mustard, Potato, Masoor, Gram, Urad, Tobacco, Onion, Sesamum, Banana, Moong(Green Gram), Barley, Coriander, Garlic, Guar seed, Linseed, Sweet potato, Groundnut"
2019,2019-20,Uttar Pradesh,BIJNOR,20,417247.0,"Sugarcane, Wheat, Rice, Rapeseed & Mustard, Urad","Sugarcane, Wheat, Rice, Rapeseed & Mustard, Urad, Groundnut, Masoor, Potato, Peas & beans (Pulses), Maize, Gram, Sesamum, Guar seed, Onion, Arhar/Tur, Moong(Green Gram), Dry chillies, Barley, Linseed, Sweet potato"
2019,2019-20,Uttar Pradesh,BUDAUN,25,560518.0,"Wheat, Bajra, Rice, Urad, Rapeseed & Mustard","Wheat, Bajra, Rice, Urad, Rapeseed & Mustard, Sugarcane, Potato, Maize, Masoor, Sesamum, Sweet potato, Peas & beans (Pulses), Tobacco, Garlic, Groundnut, Barley, Arhar/Tur, Turmeric, Coriander, Dry chillies, Moong(Green Gram), Banana, Onion, Guar seed, Linseed"
2019,2019-20,Uttar Pradesh,BULANDSHAHR,29,430594.0,"Wheat, Rice, Sugarcane, Maize, Bajra","Wheat, Rice, Sugarcane, Maize, Bajra, Rapeseed & Mustard, Potato, Arhar/Tur, Barley, Urad, Moong(Green Gram), Masoor, Peas & beans (Pulses), Dry chillies, Cotton(lint), Onion, Sweet potato, Gram, Garlic, Groundnut, Guar seed, Banana, Sesamum, Coriander, Jowar, Turmeric, Sannhamp, Linseed, Sunflower"
2019,2019-20,Uttar Pradesh,CHANDAULI,24,239433.0,"Rice, Wheat, Masoor, Bajra, Arhar/Tur","Rice, Wheat, Masoor, Bajra, Arhar/Tur, Gram, Peas & beans (Pulses), Barley, Potato, Jowar, Sugarcane, Linseed, Rapeseed & Mustard, Onion, Urad, Moong(Green Gram), Maize, Sesamum, Guar seed, Groundnut, Sannhamp, Sweet potato, Dry chillies, Garlic"
2019,2019-20,Uttar Pradesh,CHITRAKOOT,26,186916.0,"Wheat, Gram, Masoor, Jowar, Arhar/Tur","Wheat, Gram, Masoor, Jowar, Arhar/Tur, Bajra, Rice, Barley, Moong(Green Gram), Rapeseed & Mustard, Urad, Sesamum, Peas & beans (Pulses), Linseed, Sugarcane, Potato, Onion, Soyabean, Sannhamp, Guar seed, Sweet potato, Dry chillies, Groundnut, Banana, Maize, Coriander"
2019,2019-20,Uttar Pradesh,DEORIA,25,312293.0,"Wheat, Rice, Sugarcane, Maize, Arhar/Tur","Wheat, Rice, Sugarcane, Maize, Arhar/Tur, Groundnut, Potato, Rapeseed & Mustard, Peas & beans (Pulses), Barley, Masoor, Onion, Bajra, Gram, Moong(Green Gram), Sesamum, Jowar, Banana, Sweet potato, Urad, Guar seed, Garlic, Coriander, Dry chillies, Turmeric"
2019,2019-20,Uttar Pradesh,ETAH,26,283581.0,"Wheat, Bajra, Maize, Rice, Rapeseed & Mustard","Wheat, Bajra, Maize, Rice, Rapeseed & Mustard, Barley, Tobacco, Potato, Garlic, Moong(Green Gram), Arhar/Tur, Masoor, Urad, Groundnut, Sweet potato, Sesamum, Sugarcane, Peas & beans (Pulses), Onion, Gram, Dry chillies, Linseed, Banana, Sannhamp, Coriander, Cotton(lint)"
2019,2019-20,Uttar Pradesh,ETAWAH,25,240903.0,"Wheat, Rice, Bajra, Rapeseed & Mustard, Potato","Wheat, Rice, Bajra, Rapeseed & Mustard, Potato, Moong(Green Gram), Maize, Garlic, Arhar/Tur, Gram, Barley, Urad, Sesamum, Sugarcane, Peas & beans (Pulses), Jowar, Dry chillies, Groundnut, Sweet potato, Onion, Guar seed, Coriander, Sunflower, Banana, Masoor"
2019,2019-20,Uttar Pradesh,FAIZABAD,26,256890.0,"Wheat, Rice, Sugarcane, Rapeseed & Mustard, Urad","Wheat, Rice, Sugarcane, Rapeseed & Mustard, Urad, Potato, Peas & beans (Pulses), Maize, Arhar/Tur, Masoor, Gram, Jowar, Banana, Moong(Green Gram), Onion, Barley, Sweet potato, Garlic, Coriander, Linseed, Sesamum, Guar seed, Dry chillies, Small millets, Turmeric, Bajra"
2019,2019-20,Uttar Pradesh,FARRUKHABAD,27,203724.0,"Wheat, Potato, Maize, Rice, Sugarcane","Wheat, Potato, Maize, Rice, Sugarcane, Tobacco, Rapeseed & Mustard, Jowar, Bajra, Urad, Sesamum, Barley, Garlic, Moong(Green Gram), Groundnut, Masoor, Onion, Sweet potato, Peas & beans (Pulses), Banana, Gram, Arhar/Tur, Dry chillies, Sunflower, Coriander, Guar seed, Sannhamp"
2019,2019-20,Uttar Pradesh,FATEHPUR,29,400500.0,"Wheat, Rice, Gram, Arhar/Tur, Rapeseed & Mustard","Wheat, Rice, Gram, Arhar/Tur, Rapeseed & Mustard, Sesamum, Potato, Jowar, Banana, Urad, Bajra, Sugarcane, Moong(Green Gram), Dry chillies, Barley, Peas & beans (Pulses), Onion, Sweet potato, Garlic, Coriander, Masoor, Maize, Groundnut, Linseed, Turmeric, Guar seed, Sannhamp, Tobacco, Sunflower"
2019,2019-20,Uttar Pradesh,FIROZABAD,26,286103.0,"Wheat, Bajra, Potato, Rice, Rapeseed & Mustard","Wheat, Bajra, Potato, Rice, Rapeseed & Mustard, Maize, Barley, Garlic, Sesamum, Dry chillies, Urad, Moong(Green Gram), Arhar/Tur, Peas & beans (Pulses), Sugarcane, Gram, Onion, Sweet potato, Groundnut, Jowar, Guar seed, Masoor, Coriander, Cotton(lint), Banana, Tobacco"
2019,2019-20,Uttar Pradesh,GAUTAM BUDDHA NAGAR,17,67313.0,"Wheat, Rice, Sugarcane, Bajra, Barley","Wheat, Rice, Sugarcane, Bajra, Barley, Arhar/Tur, Maize, Rapeseed & Mustard, Potato, Peas & beans (Pulses), Masoor, Guar seed, Coriander, Moong(Green Gram), Onion, Urad, Sweet potato"
2019,2019-20,Uttar Pradesh,GHAZIABAD,18,65326.0,"Wheat, Sugarcane, Rice, Rapeseed & Mustard, Arhar/Tur","Wheat, Sugarcane, Rice, Rapeseed & Mustard, Arhar/Tur, Potato, Bajra, Maize, Dry chillies, Urad, Masoor, Banana, Coriander, Barley, Onion, Linseed, Moong(Green Gram), Sweet potato"
2019,2019-20,Uttar Pradesh,GHAZIPUR,25,398850.0,"Wheat, Rice, Bajra, Masoor, Potato","Wheat, Rice, Bajra, Masoor, Potato, Sugarcane, Arhar/Tur, Barley, Gram, Peas & beans (Pulses), Jowar, Urad, Onion, Maize, Rapeseed & Mustard, Dry chillies, Moong(Green Gram), Groundnut, Sesamum, Sunflower, Guar seed, Banana, Coriander, Garlic, Sannhamp"
2019,2019-20,Uttar Pradesh,GONDA,24,448933.0,"Wheat, Rice, Sugarcane, Maize, Masoor","Wheat, Rice, Sugarcane, Maize, Masoor, Rapeseed & Mustard, Arhar/Tur, Potato, Tobacco, Urad, Peas & beans (Pulses), Onion, Gram, Barley, Sesamum, Moong(Green Gram), Banana, Dry chillies, Garlic, Coriander, Linseed, Groundnut, Sweet potato, Guar seed"
2019,2019-20,Uttar Pradesh,GORAKHPUR,26,384398.0,"Wheat, Rice, Banana, Rapeseed & Mustard, Potato","Wheat, Rice, Banana, Rapeseed & Mustard, Potato, Arhar/Tur, Groundnut, Maize, Sugarcane, Peas & beans (Pulses), Barley, Masoor, Gram, Onion, Sesamum, Sunflower, Linseed, Urad, Moong(Green Gram), Small millets, Coriander, Guar seed, Bajra, Sweet potato, Dry chillies, Garlic"
2019,2019-20,Uttar Pradesh,HAMIRPUR,28,344932.0,"Wheat, Gram, Sesamum, Masoor, Urad","Wheat, Gram, Sesamum, Masoor, Urad, Arhar/Tur, Jowar, Rapeseed & Mustard, Peas & beans (Pulses), Moong(Green Gram), Barley, Sugarcane, Linseed, Groundnut, Bajra, Sannhamp, Coriander, Onion, Potato, Dry chillies, Rice, Soyabean, Tobacco, Banana, Garlic, Maize, Guar seed, Sunflower"
2019,2019-20,Uttar Pradesh,HAPUR,17,113823.0,"Wheat, Sugarcane, Rice, Potato, Rapeseed & Mustard","Wheat, Sugarcane, Rice, Potato, Rapeseed & Mustard, Maize, Arhar/Tur, Urad, Barley, Masoor, Moong(Green Gram), Peas & beans (Pulses), Sweet potato, Dry chillies, Onion, Coriander, Bajra"
2019,2019-20,Uttar Pradesh,HARDOI,29,636990.0,"Wheat, Rice, Sugarcane, Maize, Urad","Wheat, Rice, Sugarcane, Maize, Urad, Rapeseed & Mustard, Sesamum, Potato, Groundnut, Masoor, Jowar, Bajra, Barley, Arhar/Tur, Peas & beans (Pulses), Sweet potato, Gram, Onion, Sunflower, Moong(Green Gram), Dry chillies, Garlic, Coriander, Banana, Small millets, Guar seed, Cotton(lint), Linseed, Tobacco"
2019,2019-20,Uttar Pradesh,HATHRAS,26,216746.0,"Wheat, Bajra, Potato, Rice, Rapeseed & Mustard","Wheat, Bajra, Potato, Rice, Rapeseed & Mustard, Arhar/Tur, Maize, Barley, Moong(Green Gram), Sugarcane, Cotton(lint), Masoor, Dry chillies, Urad, Garlic, Sesamum, Guar seed, Coriander, Sweet potato, Banana, Onion, Peas & beans (Pulses), Gram, Sunflower, Jowar, Groundnut"
2019,2019-20,Uttar Pradesh,JALAUN,25,402840.0,"Wheat, Peas & beans (Pulses), Sesamum, Gram, Masoor","Wheat, Peas & beans (Pulses), Sesamum, Gram, Masoor, Rapeseed & Mustard, Bajra, Urad, Barley, Jowar, Arhar/Tur, Sugarcane, Moong(Green Gram), Potato, Onion, Rice, Linseed, Guar seed, Dry chillies, Sannhamp, Soyabean, Groundnut, Maize, Coriander, Garlic"
2019,2019-20,Uttar Pradesh,JAUNPUR,27,464337.0,"Wheat, Rice, Maize, Potato, Arhar/Tur","Wheat, Rice, Maize, Potato, Arhar/Tur, Sugarcane, Urad, Bajra, Peas & beans (Pulses), Gram, Rapeseed & Mustard, Jowar, Onion, Sesamum, Moong(Green Gram), Barley, Masoor, Sannhamp, Sweet potato, Banana, Coriander, Groundnut, Guar seed, Garlic, Sunflower, Tobacco, Dry chillies"
2019,2019-20,Uttar Pradesh,JHANSI,28,516649.0,"Wheat, Sesamum, Gram, Peas & beans (Pulses), Urad","Wheat, Sesamum, Gram, Peas & beans (Pulses), Urad, Masoor, Groundnut, Rapeseed & Mustard, Rice, Barley, Moong(Green Gram), Maize, Jowar, Soyabean, Linseed, Potato, Onion, Sugarcane, Sunflower, Arhar/Tur, Ginger, Bajra, Small millets, Coriander, Guar seed, Dry chillies, Garlic, Sannhamp"
2019,2019-20,Uttar Pradesh,KANNAUJ,27,227665.0,"Wheat, Maize, Potato, Rice, Rapeseed & Mustard","Wheat, Maize, Potato, Rice, Rapeseed & Mustard, Sunflower, Sesamum, Groundnut, Urad, Garlic, Moong(Green Gram), Arhar/Tur, Bajra, Onion, Gram, Barley, Peas & beans (Pulses), Jowar, Sweet potato, Sugarcane, Masoor, Dry chillies, Coriander, Sannhamp, Banana, Tobacco, Guar seed"
2019,2019-20,Uttar Pradesh,KANPUR DEHAT,27,285913.0,"Wheat, Rice, Gram, Rapeseed & Mustard, Bajra","Wheat, Rice, Gram, Rapeseed & Mustard, Bajra, Maize, Jowar, Arhar/Tur, Urad, Barley, Potato, Peas & beans (Pulses), Sesamum, Sugarcane, Coriander, Moong(Green Gram), Onion, Masoor, Sweet potato, Garlic, Dry chillies, Banana, Guar seed, Soyabean, Sannhamp, Linseed, Small millets"
2019,2019-20,Uttar Pradesh,KANPUR NAGAR,28,247328.0,"Wheat, Rice, Maize, Gram, Rapeseed & Mustard","Wheat, Rice, Maize, Gram, Rapeseed & Mustard, Jowar, Potato, Urad, Barley, Arhar/Tur, Sugarcane, Peas & beans (Pulses), Sesamum, Moong(Green Gram), Dry chillies, Bajra, Onion, Masoor, Sweet potato, Coriander, Groundnut, Linseed, Garlic, Tobacco, Guar seed, Small millets, Sannhamp, Ginger"
2019,2019-20,Uttar Pradesh,KASGANJ,26,244936.0,"Wheat, Bajra, Maize, Rice, Tobacco","Wheat, Bajra, Maize, Rice, Tobacco, Rapeseed & Mustard, Sugarcane, Potato, Garlic, Sweet potato, Barley, Arhar/Tur, Urad, Masoor, Moong(Green Gram), Sesamum, Groundnut, Onion, Linseed, Banana, Turmeric, Dry chillies, Gram, Jowar, Coriander, Sunflower"
2019,2019-20,Uttar Pradesh,KAUSHAMBI,28,176823.0,"Wheat, Rice, Gram, Bajra, Banana","Wheat, Rice, Gram, Bajra, Banana, Arhar/Tur, Potato, Jowar, Sesamum, Barley, Maize, Rapeseed & Mustard, Sugarcane, Urad, Peas & beans (Pulses), Moong(Green Gram), Sweet potato, Onion, Dry chillies, Masoor, Garlic, Coriander, Guar seed, Groundnut, Turmeric, Tobacco, Sannhamp, Small millets"
2019,2019-20,Uttar Pradesh,KHERI,27,690612.0,"Sugarcane, Wheat, Rice, Rapeseed & Mustard, Masoor","Sugarcane, Wheat, Rice, Rapeseed & Mustard, Masoor, Maize, Groundnut, Urad, Sesamum, Moong(Green Gram), Banana, Potato, Bajra, Arhar/Tur, Barley, Peas & beans (Pulses), Gram, Coriander, Dry chillies, Onion, Turmeric, Jowar, Small millets, Garlic, Sweet potato, Guar seed, Ginger"
2019,2019-20,Uttar Pradesh,KUSHI NAGAR,29,356461.0,"Rice, Wheat, Sugarcane, Banana, Rapeseed & Mustard","Rice, Wheat, Sugarcane, Banana, Rapeseed & Mustard, Maize, Masoor, Potato, Turmeric, Arhar/Tur, Peas & beans (Pulses), Groundnut, Moong(Green Gram), Bajra, Urad, Onion, Barley, Sannhamp, Coriander, Sesamum, Sweet potato, Small millets, Dry chillies, Garlic, Gram, Guar seed, Linseed, Ginger, Sunflower"
2019,2019-20,Uttar Pradesh,LALITPUR,25,509214.0,"Wheat, Urad, Peas & beans (Pulses), Maize, Gram","Wheat, Urad, Peas & beans (Pulses), Maize, Gram, Soyabean, Masoor, Groundnut, Barley, Sesamum, Rapeseed & Mustard, Moong(Green Gram), Rice, Ginger, Potato, Jowar, Onion, Sunflower, Sugarcane, Coriander, Sweet potato, Dry chillies, Small millets, Garlic, Linseed"
2019,2019-20,Uttar Pradesh,LUCKNOW,25,157580.0,"Wheat, Rice, Potato, Urad, Rapeseed & Mustard","Wheat, Rice, Potato, Urad, Rapeseed & Mustard, Jowar, Sesamum, Maize, Masoor, Banana, Gram, Bajra, Arhar/Tur, Peas & beans (Pulses), Sugarcane, Moong(Green Gram), Barley, Onion, Coriander, Garlic, Groundnut, Sweet potato, Dry chillies, Small millets, Linseed"
2019,2019-20,Uttar Pradesh,MAHARAJGANJ,20,356697.0,"Rice, Wheat, Sugarcane, Masoor, Banana","Rice, Wheat, Sugarcane, Masoor, Banana, Rapeseed & Mustard, Potato, Peas & beans (Pulses), Groundnut, Arhar/Tur, Maize, Onion, Moong(Green Gram), Sesamum, Coriander, Urad, Dry chillies, Sunflower, Linseed, Sweet potato"
2019,2019-20,Uttar Pradesh,MAHOBA,28,348596.0,"Wheat, Gram, Urad, Peas & beans (Pulses), Sesamum","Wheat, Gram, Urad, Peas & beans (Pulses), Sesamum, Masoor, Linseed, Moong(Green Gram), Rapeseed & Mustard, Groundnut, Barley, Arhar/Tur, Jowar, Sugarcane, Soyabean, Rice, Potato, Onion, Dry chillies, Coriander, Sannhamp, Bajra, Sunflower, Guar seed, Small millets, Sweet potato, Maize, Garlic"
2019,2019-20,Uttar Pradesh,MAINPURI,28,325552.0,"Wheat, Rice, Maize, Bajra, Rapeseed & Mustard","Wheat, Rice, Maize, Bajra, Rapeseed & Mustard, Potato, Garlic, Moong(Green Gram), Barley, Urad, Groundnut, Banana, Peas & beans (Pulses), Arhar/Tur, Onion, Gram, Sugarcane, Sesamum, Sweet potato, Jowar, Dry chillies, Masoor, Coriander, Guar seed, Sannhamp, Sunflower, Tobacco, Turmeric"
2019,2019-20,Uttar Pradesh,MATHURA,22,355809.0,"Wheat, Rice, Rapeseed & Mustard, Bajra, Potato","Wheat, Rice, Rapeseed & Mustard, Bajra, Potato, Barley, Arhar/Tur, Moong(Green Gram), Cotton(lint), Sugarcane, Sesamum, Masoor, Urad, Maize, Guar seed, Sweet potato, Onion, Dry chillies, Jowar, Banana, Garlic, Peas & beans (Pulses)"
2019,2019-20,Uttar Pradesh,MAU,25,201562.0,"Wheat, Rice, Sugarcane, Barley, Arhar/Tur","Wheat, Rice, Sugarcane, Barley, Arhar/Tur, Potato, Peas & beans (Pulses), Gram, Maize, Groundnut, Onion, Masoor, Rapeseed & Mustard, Moong(Green Gram), Bajra, Sesamum, Small millets, Urad, Coriander, Sunflower, Banana, Jowar, Dry chillies, Sweet potato, Garlic"
2019,2019-20,Uttar Pradesh,MEERUT,19,245037.0,"Sugarcane, Wheat, Rice, Potato, Rapeseed & Mustard","Sugarcane, Wheat, Rice, Potato, Rapeseed & Mustard, Urad, Arhar/Tur, Maize, Masoor, Peas & beans (Pulses), Onion, Moong(Green Gram), Barley, Banana, Dry chillies, Coriander, Turmeric, Sesamum, Sweet potato"
2019,2019-20,Uttar Pradesh,MIRZAPUR,24,246431.0,"Wheat, Rice, Gram, Arhar/Tur, Bajra","Wheat, Rice, Gram, Arhar/Tur, Bajra, Masoor, Barley, Jowar, Peas & beans (Pulses), Linseed, Rapeseed & Mustard, Groundnut, Potato, Sesamum, Sugarcane, Maize, Urad, Dry chillies, Onion, Moong(Green Gram), Sannhamp, Banana, Guar seed, Sunflower"
2019,2019-20,Uttar Pradesh,MORADABAD,21,283031.0,"Wheat, Rice, Sugarcane, Urad, Bajra","Wheat, Rice, Sugarcane, Urad, Bajra, Rapeseed & Mustard, Potato, Masoor, Dry chillies, Maize, Peas & beans (Pulses), Sweet potato, Onion, Banana, Jowar, Sesamum, Guar seed, Gram, Moong(Green Gram), Garlic, Barley"
2019,2019-20,Uttar Pradesh,MUZAFFARNAGAR,22,276867.0,"Sugarcane, Wheat, Rice, Rapeseed & Mustard, Urad","Sugarcane, Wheat, Rice, Rapeseed & Mustard, Urad, Potato, Masoor, Barley, Dry chillies, Gram, Maize, Moong(Green Gram), Peas & beans (Pulses), Garlic, Onion, Arhar/Tur, Banana, Sweet potato, Sannhamp, Coriander, Groundnut, Sesamum"
2019,2019-20,Uttar Pradesh,PILIBHIT,18,369234.0,"Rice, Wheat, Sugarcane, Rapeseed & Mustard, Maize","Rice, Wheat, Sugarcane, Rapeseed & Mustard, Maize, Banana, Sesamum, Potato, Groundnut, Masoor, Peas & beans (Pulses), Urad, Turmeric, Gram, Moong(Green Gram), Onion, Linseed, Sweet potato"
2019,2019-20,Uttar Pradesh,PRATAPGARH,26,295952.0,"Wheat, Rice, Bajra, Urad, Arhar/Tur","Wheat, Rice, Bajra, Urad, Arhar/Tur, Potato, Peas & beans (Pulses), Gram, Jowar, Rapeseed & Mustard, Moong(Green Gram), Sesamum, Barley, Sugarcane, Maize, Onion, Sweet potato, Coriander, Masoor, Banana, Guar seed, Garlic, Sannhamp, Small millets, Groundnut, Linseed"
2019,2019-20,Uttar Pradesh,RAE BARELI,29,279690.0,"Wheat, Rice, Urad, Rapeseed & Mustard, Gram","Wheat, Rice, Urad, Rapeseed & Mustard, Gram, Jowar, Arhar/Tur, Potato, Sesamum, Sugarcane, Barley, Peas & beans (Pulses), Moong(Green Gram), Groundnut, Banana, Bajra, Dry chillies, Coriander, Onion, Garlic, Sweet potato, Maize, Masoor, Guar seed, Linseed, Sannhamp, Turmeric, Sunflower, Tobacco"
2019,2019-20,Uttar Pradesh,RAMPUR,23,329576.0,"Rice, Wheat, Sugarcane, Bajra, Rapeseed & Mustard","Rice, Wheat, Sugarcane, Bajra, Rapeseed & Mustard, Urad, Potato, Peas & beans (Pulses), Masoor, Jowar, Maize, Garlic, Soyabean, Dry chillies, Sweet potato, Sesamum, Onion, Groundnut, Sunflower, Banana, Moong(Green Gram), Coriander, Small millets"
2019,2019-20,Uttar Pradesh,SAHARANPUR,23,321007.0,"Sugarcane, Wheat, Rice, Maize, Urad","Sugarcane, Wheat, Rice, Maize, Urad, Groundnut, Rapeseed & Mustard, Masoor, Onion, Potato, Sesamum, Dry chillies, Sweet potato, Barley, Peas & beans (Pulses), Guar seed, Turmeric, Garlic, Gram, Moong(Green Gram), Bajra, Coriander, Ginger"
2019,2019-20,Uttar Pradesh,SAMBHAL,24,327433.0,"Wheat, Bajra, Rice, Sugarcane, Urad","Wheat, Bajra, Rice, Sugarcane, Urad, Rapeseed & Mustard, Potato, Maize, Masoor, Barley, Dry chillies, Arhar/Tur, Sesamum, Garlic, Onion, Jowar, Moong(Green Gram), Peas & beans (Pulses), Sweet potato, Coriander, Turmeric, Groundnut, Gram, Linseed"
2019,2019-20,Uttar Pradesh,SANT KABEER NAGAR,26,203740.0,"Wheat, Rice, Peas & beans (Pulses), Sugarcane, Arhar/Tur","Wheat, Rice, Peas & beans (Pulses), Sugarcane, Arhar/Tur, Rapeseed & Mustard, Potato, Maize, Groundnut, Masoor, Banana, Barley, Gram, Sesamum, Onion, Dry chillies, Sweet potato, Coriander, Bajra, Small millets, Turmeric, Guar seed, Linseed, Urad, Garlic, Jowar"
2019,2019-20,Uttar Pradesh,SANT RAVIDAS NAGAR,21,94453.0,"Wheat, Rice, Bajra, Arhar/Tur, Jowar","Wheat, Rice, Bajra, Arhar/Tur, Jowar, Potato, Urad, Peas & beans (Pulses), Sugarcane, Maize, Gram, Barley, Sesamum, Rapeseed & Mustard, Sannhamp, Moong(Green Gram), Guar seed, Onion, Groundnut, Sweet potato, Dry chillies"
2019,2019-20,Uttar Pradesh,SHAHJAHANPUR,27,587016.0,"Wheat, Rice, Sugarcane, Masoor, Rapeseed & Mustard","Wheat, Rice, Sugarcane, Masoor, Rapeseed & Mustard, Urad, Potato, Sesamum, Groundnut, Bajra, Maize, Jowar, Sweet potato, Peas & beans (Pulses), Onion, Tobacco, Barley, Arhar/Tur, Garlic, Turmeric, Gram, Dry chillies, Coriander, Moong(Green Gram), Soyabean, Banana, Guar seed"
2019,2019-20,Uttar Pradesh,SHAMLI,18,141737.0,"Sugarcane, Wheat, Rice, Onion, Rapeseed & Mustard","Sugarcane, Wheat, Rice, Onion, Rapeseed & Mustard, Urad, Potato, Banana, Maize, Masoor, Garlic, Barley, Dry chillies, Peas & beans (Pulses), Sesamum, Gram, Sweet potato, Sannhamp"
2019,2019-20,Uttar Pradesh,SHRAVASTI,24,200228.0,"Rice, Wheat, Masoor, Maize, Sugarcane","Rice, Wheat, Masoor, Maize, Sugarcane, Rapeseed & Mustard, Arhar/Tur, Potato, Peas & beans (Pulses), Urad, Sesamum, Banana, Groundnut, Gram, Onion, Guar seed, Linseed, Sweet potato, Garlic, Coriander, Moong(Green Gram), Barley, Bajra, Dry chillies"
2019,2019-20,Uttar Pradesh,SIDDHARTH NAGAR,20,349973.0,"Rice, Wheat, Masoor, Rapeseed & Mustard, Peas & beans (Pulses)","Rice, Wheat, Masoor, Rapeseed & Mustard, Peas & beans (Pulses), Arhar/Tur, Sugarcane, Potato, Linseed, Onion, Maize, Coriander, Urad, Sweet potato, Banana, Garlic, Groundnut, Guar seed, Gram, Barley"
2019,2019-20,Uttar Pradesh,SITAPUR,30,618274.0,"Wheat, Rice, Sugarcane, Rapeseed & Mustard, Urad","Wheat, Rice, Sugarcane, Rapeseed & Mustard, Urad, Masoor, Maize, Sesamum, Jowar, Potato, Arhar/Tur, Groundnut, Bajra, Peas & beans (Pulses), Barley, Banana, Tobacco, Gram, Coriander, Sweet potato, Garlic, Onion, Moong(Green Gram), Dry chillies, Turmeric, Guar seed, Small millets, Linseed, Sannhamp, Sunflower"
2019,2019-20,Uttar Pradesh,SONBHADRA,27,177444.0,"Wheat, Rice, Maize, Gram, Arhar/Tur","Wheat, Rice, Maize, Gram, Arhar/Tur, Masoor, Small millets, Barley, Sesamum, Linseed, Peas & beans (Pulses), Rapeseed & Mustard, Urad, Jowar, Groundnut, Potato, Onion, Sugarcane, Bajra, Sannhamp, Moong(Green Gram), Coriander, Garlic, Dry chillies, Sweet potato, Banana, Ginger"
2019,2019-20,Uttar Pradesh,SULTANPUR,28,253888.0,"Wheat, Rice, Sugarcane, Urad, Peas & beans (Pulses)","Wheat, Rice, Sugarcane, Urad, Peas & beans (Pulses), Masoor, Potato, Arhar/Tur, Maize, Jowar, Gram, Rapeseed & Mustard, Barley, Sweet potato, Moong(Green Gram), Onion, Banana, Sesamum, Bajra, Coriander, Guar seed, Groundnut, Garlic, Sunflower, Linseed, Dry chillies, Small millets, Sannhamp"
2019,2019-20,Uttar Pradesh,UNNAO,28,458176.0,"Wheat, Rice, Urad, Maize, Rapeseed & Mustard","Wheat, Rice, Urad, Maize, Rapeseed & Mustard, Sesamum, Potato, Moong(Green Gram), Jowar, Gram, Groundnut, Arhar/Tur, Bajra, Barley, Sugarcane, Masoor, Peas & beans (Pulses), Sweet potato, Onion, Dry chillies, Banana, Garlic, Coriander, Sunflower, Guar seed, Turmeric, Linseed, Tobacco"
2019,2019-20,Uttar Pradesh,VARANASI,26,148480.0,"Wheat, Rice, Bajra, Sugarcane, Arhar/Tur","Wheat, Rice, Bajra, Sugarcane, Arhar/Tur, Maize, Potato, Peas & beans (Pulses), Jowar, Urad, Gram, Rapeseed & Mustard, Dry chillies, Barley, Sesamum, Moong(Green Gram), Sannhamp, Onion, Masoor, Guar seed, Sweet potato, Linseed, Coriander, Banana, Groundnut, Garlic"
2019,2019-20,Uttarakhand,ALMORA,22,93804.0,"Ragi, Wheat, Rice, Small millets, Barley","Ragi, Wheat, Rice, Small millets, Barley, Horse-gram, Maize, Other Kharif pulses, Rapeseed & Mustard, Urad, Masoor, Potato, Garlic, Soyabean, Onion, Sesamum, Turmeric, Arhar/Tur, Peas & beans (Pulses), Gram, Groundnut, Other Rabi pulses"
2019,2019-20,Uttarakhand,BAGESHWAR,21,38504.0,"Wheat, Rice, Ragi, Other Kharif pulses, Masoor","Wheat, Rice, Ragi, Other Kharif pulses, Masoor, Barley, Small millets, Maize, Potato, Onion, Horse-gram, Garlic, Urad, Turmeric, Soyabean, Rapeseed & Mustard, Other Cereals, Peas & beans (Pulses), Arhar/Tur, Sesamum, Gram"
2019,2019-20,Uttarakhand,CHAMOLI,22,44903.0,"Wheat, Rice, Ragi, Small millets, Potato","Wheat, Rice, Ragi, Small millets, Potato, Barley, Other Kharif pulses, Urad, Soyabean, Rapeseed & Mustard, Horse-gram, Other Cereals, Arhar/Tur, Maize, Masoor, Onion, Garlic, Peas & beans (Pulses), Turmeric, Sesamum, Gram, Other oilseeds"
2019,2019-20,Uttarakhand,CHAMPAWAT,23,22391.0,"Wheat, Rice, Ragi, Horse-gram, Barley","Wheat, Rice, Ragi, Horse-gram, Barley, Rapeseed & Mustard, Garlic, Other Kharif pulses, Small millets, Masoor, Maize, Soyabean, Urad, Onion, Potato, Turmeric, Other Cereals, Peas & beans (Pulses), Groundnut, Sesamum, Gram, Arhar/Tur, Sugarcane"
2019,2019-20,Uttarakhand,DEHRADUN,25,41472.0,"Wheat, Rice, Maize, Sugarcane, Other Kharif pulses","Wheat, Rice, Maize, Sugarcane, Other Kharif pulses, Urad, Horse-gram, Small millets, Garlic, Ragi, Rapeseed & Mustard, Barley, Masoor, Potato, Peas & beans (Pulses), Arhar/Tur, Sesamum, Onion, Groundnut, Other Rabi pulses, Turmeric, Soyabean, Gram, Other Cereals, Moong(Green Gram)"
2019,2019-20,Uttarakhand,HARIDWAR,19,132460.0,"Sugarcane, Wheat, Rice, Rapeseed & Mustard, Groundnut","Sugarcane, Wheat, Rice, Rapeseed & Mustard, Groundnut, Sesamum, Maize, Masoor, Urad, Potato, Peas & beans (Pulses), Barley, Onion, Gram, Moong(Green Gram), Turmeric, Other oilseeds, Tobacco, Other Rabi pulses"
2019,2019-20,Uttarakhand,NAINITAL,25,55359.0,"Wheat, Rice, Soyabean, Maize, Potato","Wheat, Rice, Soyabean, Maize, Potato, Sugarcane, Ragi, Urad, Barley, Other Kharif pulses, Horse-gram, Onion, Gram, Garlic, Masoor, Turmeric, Rapeseed & Mustard, Small millets, Peas & beans (Pulses), Groundnut, Sesamum, Other Rabi pulses, Moth, Other oilseeds, Arhar/Tur"
2019,2019-20,Uttarakhand,PAURI GARHWAL,22,59996.0,"Ragi, Wheat, Small millets, Rice, Barley","Ragi, Wheat, Small millets, Rice, Barley, Urad, Maize, Horse-gram, Rapeseed & Mustard, Onion, Garlic, Potato, Masoor, Other Kharif pulses, Turmeric, Soyabean, Arhar/Tur, Other Cereals, Gram, Peas & beans (Pulses), Sesamum, Sunflower"
2019,2019-20,Uttarakhand,PITHORAGARH,21,63175.0,"Rice, Wheat, Ragi, Masoor, Barley","Rice, Wheat, Ragi, Masoor, Barley, Maize, Other Kharif pulses, Potato, Small millets, Horse-gram, Rapeseed & Mustard, Urad, Soyabean, Onion, Garlic, Peas & beans (Pulses), Other Cereals, Turmeric, Gram, Sesamum, Other oilseeds"
2019,2019-20,Uttarakhand,RUDRA PRAYAG,18,30946.0,"Wheat, Rice, Ragi, Small millets, Barley","Wheat, Rice, Ragi, Small millets, Barley, Rapeseed & Mustard, Arhar/Tur, Maize, Potato, Other Kharif pulses, Urad, Horse-gram, Soyabean, Garlic, Masoor, Sesamum, Onion, Peas & beans (Pulses)"
2019,2019-20,Uttarakhand,TEHRI GARHWAL,23,69182.0,"Wheat, Small millets, Ragi, Rice, Horse-gram","Wheat, Small millets, Ragi, Rice, Horse-gram, Urad, Barley, Maize, Arhar/Tur, Other Kharif pulses, Potato, Rapeseed & Mustard, Masoor, Soyabean, Sesamum, Garlic, Onion, Other Cereals, Turmeric, Peas & beans (Pulses), Gram, Other Rabi pulses, Sunflower"
2019,2019-20,Uttarakhand,UDAM SINGH NAGAR,18,253727.0,"Rice, Wheat, Sugarcane, Peas & beans (Pulses), Rapeseed & Mustard","Rice, Wheat, Sugarcane, Peas & beans (Pulses), Rapeseed & Mustard, Maize, Potato, Urad, Soyabean, Masoor, Groundnut, Gram, Other Rabi pulses, Moong(Green Gram), Barley, Onion, Garlic, Sesamum"
2019,2019-20,Uttarakhand,UTTAR KASHI,22,38814.0,"Rice, Wheat, Ragi, Small millets, Potato","Rice, Wheat, Ragi, Small millets, Potato, Other Kharif pulses, Horse-gram, Urad, Sesamum, Peas & beans (Pulses), Rapeseed & Mustard, Arhar/Tur, Masoor, Maize, Other Cereals, Barley, Soyabean, Onion, Garlic, Sunflower, Gram, Other oilseeds"
2019,2019-20,West Bengal,ALIPURDUAR,23,160728.0,"Rice, Maize, Potato, Jute, Rapeseed & Mustard","Rice, Maize, Potato, Jute, Rapeseed & Mustard, Masoor, Wheat, Khesari, Urad, Moong(Green Gram), Groundnut, Coconut, Linseed, Sesamum, Peas & beans (Pulses), Niger seed, Mesta, Arhar/Tur, Sugarcane, Gram, Ragi, Horse-gram, Sunflower"
2019,2019-20,West Bengal,BANKURA,23,492935.0,"Rice, Potato, Sesamum, Rapeseed & Mustard, Masoor","Rice, Potato, Sesamum, Rapeseed & Mustard, Masoor, Khesari, Wheat, Groundnut, Gram, Peas & beans (Pulses), Sunflower, Maize, Coconut, Moong(Green Gram), Arhar/Tur, Linseed, Urad, Small millets, Sugarcane, Mesta, Horse-gram, Jute, Sannhamp"
2019,2019-20,West Bengal,BIRBHUM,25,522176.0,"Rice, Rapeseed & Mustard, Wheat, Masoor, Potato","Rice, Rapeseed & Mustard, Wheat, Masoor, Potato, Gram, Sesamum, Khesari, Arhar/Tur, Moong(Green Gram), Maize, Sugarcane, Peas & beans (Pulses), Linseed, Coconut, Groundnut, Jute, Other Kharif pulses, Urad, Horse-gram, Sunflower, Sannhamp, Soyabean, Mesta, Barley"
2019,2019-20,West Bengal,COOCHBEHAR,24,475987.0,"Rice, Jute, Maize, Potato, Rapeseed & Mustard","Rice, Jute, Maize, Potato, Rapeseed & Mustard, Tobacco, Wheat, Masoor, Khesari, Urad, Coconut, Groundnut, Peas & beans (Pulses), Other Kharif pulses, Moong(Green Gram), Sesamum, Linseed, Sugarcane, Small millets, Mesta, Niger seed, Sunflower, Sannhamp, Horse-gram"
2019,2019-20,West Bengal,DARJEELING,20,42840.0,"Rice, Potato, Maize, Small millets, Jute","Rice, Potato, Maize, Small millets, Jute, Urad, Wheat, Rapeseed & Mustard, Soyabean, Peas & beans (Pulses), Moong(Green Gram), Sesamum, Linseed, Coconut, Khesari, Masoor, Groundnut, Arhar/Tur, Mesta, Sugarcane"
2019,2019-20,West Bengal,DINAJPUR DAKSHIN,18,342455.0,"Rice, Rapeseed & Mustard, Wheat, Jute, Masoor","Rice, Rapeseed & Mustard, Wheat, Jute, Masoor, Potato, Mesta, Maize, Khesari, Urad, Peas & beans (Pulses), Other Kharif pulses, Coconut, Gram, Moong(Green Gram), Groundnut, Sesamum, Linseed"
2019,2019-20,West Bengal,DINAJPUR UTTAR,20,474678.0,"Rice, Maize, Rapeseed & Mustard, Jute, Wheat","Rice, Maize, Rapeseed & Mustard, Jute, Wheat, Potato, Urad, Masoor, Moong(Green Gram), Khesari, Peas & beans (Pulses), Mesta, Sesamum, Sugarcane, Linseed, Coconut, Gram, Groundnut, Sunflower, Niger seed"
2019,2019-20,West Bengal,HOOGHLY,17,450214.0,"Rice, Potato, Sesamum, Groundnut, Jute","Rice, Potato, Sesamum, Groundnut, Jute, Rapeseed & Mustard, Masoor, Coconut, Moong(Green Gram), Peas & beans (Pulses), Khesari, Sugarcane, Maize, Mesta, Arhar/Tur, Wheat, Urad"
2019,2019-20,West Bengal,HOWRAH,16,132404.0,"Rice, Potato, Groundnut, Jute, Sesamum","Rice, Potato, Groundnut, Jute, Sesamum, Coconut, Rapeseed & Mustard, Khesari, Moong(Green Gram), Peas & beans (Pulses), Maize, Wheat, Masoor, Sugarcane, Sunflower, Urad"
2019,2019-20,West Bengal,JALPAIGURI,24,217152.0,"Rice, Potato, Jute, Maize, Rapeseed & Mustard","Rice, Potato, Jute, Maize, Rapeseed & Mustard, Groundnut, Wheat, Masoor, Peas & beans (Pulses), Khesari, Urad, Moong(Green Gram), Sesamum, Coconut, Niger seed, Linseed, Sugarcane, Tobacco, Arhar/Tur, Horse-gram, Mesta, Ragi, Gram, Sunflower"
2019,2019-20,West Bengal,JHARGRAM,20,196260.0,"Rice, Rapeseed & Mustard, Sesamum, Groundnut, Khesari","Rice, Rapeseed & Mustard, Sesamum, Groundnut, Khesari, Potato, Masoor, Moong(Green Gram), Maize, Sugarcane, Wheat, Arhar/Tur, Urad, Peas & beans (Pulses), Sunflower, Coconut, Gram, Sannhamp, Mesta, Horse-gram"
2019,2019-20,West Bengal,KALIMPONG,12,32190.0,"Maize, Rice, Ragi, Small millets, Potato","Maize, Rice, Ragi, Small millets, Potato, Wheat, Rapeseed & Mustard, Barley, Coconut, Peas & beans (Pulses), Arhar/Tur, Urad"
2019,2019-20,West Bengal,MALDAH,20,386736.0,"Rice, Maize, Rapeseed & Mustard, Jute, Wheat","Rice, Maize, Rapeseed & Mustard, Jute, Wheat, Urad, Masoor, Potato, Khesari, Moong(Green Gram), Sugarcane, Gram, Mesta, Peas & beans (Pulses), Coconut, Sesamum, Groundnut, Arhar/Tur, Linseed, Horse-gram"
2019,2019-20,West Bengal,MEDINIPUR EAST,16,452219.0,"Rice, Groundnut, Khesari, Coconut, Rapeseed & Mustard","Rice, Groundnut, Khesari, Coconut, Rapeseed & Mustard, Potato, Masoor, Moong(Green Gram), Urad, Gram, Sesamum, Peas & beans (Pulses), Jute, Maize, Sugarcane, Cotton(lint)"
2019,2019-20,West Bengal,MEDINIPUR WEST,20,797199.0,"Rice, Sesamum, Potato, Rapeseed & Mustard, Groundnut","Rice, Sesamum, Potato, Rapeseed & Mustard, Groundnut, Masoor, Khesari, Moong(Green Gram), Jute, Sugarcane, Wheat, Coconut, Maize, Urad, Arhar/Tur, Horse-gram, Gram, Peas & beans (Pulses), Linseed, Sunflower"
2019,2019-20,West Bengal,MURSHIDABAD,21,824808.0,"Rice, Jute, Rapeseed & Mustard, Maize, Wheat","Rice, Jute, Rapeseed & Mustard, Maize, Wheat, Masoor, Sesamum, Urad, Khesari, Potato, Gram, Coconut, Sugarcane, Peas & beans (Pulses), Moong(Green Gram), Mesta, Linseed, Arhar/Tur, Barley, Groundnut, Jowar"
2019,2019-20,West Bengal,NADIA,21,545215.0,"Rice, Jute, Rapeseed & Mustard, Masoor, Sesamum","Rice, Jute, Rapeseed & Mustard, Masoor, Sesamum, Maize, Urad, Wheat, Gram, Peas & beans (Pulses), Potato, Moong(Green Gram), Groundnut, Khesari, Sugarcane, Coconut, Other Rabi pulses, Mesta, Arhar/Tur, Linseed, Sunflower"
2019,2019-20,West Bengal,PARAGANAS NORTH,19,377695.0,"Rice, Jute, Rapeseed & Mustard, Sesamum, Masoor","Rice, Jute, Rapeseed & Mustard, Sesamum, Masoor, Potato, Urad, Khesari, Wheat, Mesta, Groundnut, Sugarcane, Peas & beans (Pulses), Moong(Green Gram), Gram, Maize, Cotton(lint), Sunflower, Linseed"
2019,2019-20,West Bengal,PARAGANAS SOUTH,18,517050.0,"Rice, Moong(Green Gram), Khesari, Coconut, Sunflower","Rice, Moong(Green Gram), Khesari, Coconut, Sunflower, Rapeseed & Mustard, Potato, Sesamum, Peas & beans (Pulses), Masoor, Maize, Jute, Wheat, Urad, Arhar/Tur, Linseed, Sugarcane, Groundnut"
2019,2019-20,West Bengal,PASCHIM BARDHAMAN,15,49238.0,"Rice, Rapeseed & Mustard, Masoor, Khesari, Wheat","Rice, Rapeseed & Mustard, Masoor, Khesari, Wheat, Maize, Coconut, Sesamum, Gram, Potato, Moong(Green Gram), Sunflower, Sugarcane, Groundnut, Horse-gram"
2019,2019-20,West Bengal,PURBA BARDHAMAN,21,690712.0,"Rice, Potato, Rapeseed & Mustard, Sesamum, Jute","Rice, Potato, Rapeseed & Mustard, Sesamum, Jute, Masoor, Coconut, Khesari, Gram, Wheat, Sugarcane, Moong(Green Gram), Groundnut, Peas & beans (Pulses), Urad, Mesta, Maize, Linseed, Sunflower, Arhar/Tur, Other Rabi pulses"
2019,2019-20,West Bengal,PURULIA,26,327638.0,"Rice, Urad, Rapeseed & Mustard, Khesari, Masoor","Rice, Urad, Rapeseed & Mustard, Khesari, Masoor, Maize, Groundnut, Moong(Green Gram), Small millets, Horse-gram, Potato, Gram, Sugarcane, Wheat, Peas & beans (Pulses), Linseed, Arhar/Tur, Niger seed, Sesamum, Mesta, Sannhamp, Coconut, Bajra, Jowar, Ragi, Sunflower"
